025879_0.jpg,0
022598_1.jpg,1
006614_1.jpg,1
024296_1.jpg,1
023140_1.jpg,1
011096_0.jpg,0
008768_1.jpg,1
004283_1.jpg,1
010925_1.jpg,1
000618_1.jpg,1
012285_1.jpg,1
029473_0.jpg,0
024258_1.jpg,1
007179_1.jpg,1
016025_0.jpg,0
021161_0.jpg,0
018227_1.jpg,1
026797_0.jpg,0
024511_0.jpg,0
027785_0.jpg,0
008824_1.jpg,1
009319_1.jpg,1
011520_0.jpg,0
005381_1.jpg,1
008834_1.jpg,1
015851_1.jpg,1
008095_1.jpg,1
013645_1.jpg,1
016113_0.jpg,0
006175_0.jpg,0
023862_1.jpg,1
003860_1.jpg,1
023045_0.jpg,0
016738_0.jpg,0
001223_1.jpg,1
023311_0.jpg,0
006871_1.jpg,1
028824_1.jpg,1
011309_0.jpg,0
023779_1.jpg,1
002491_0.jpg,0
004032_1.jpg,1
030247_1.jpg,1
009542_1.jpg,1
005041_0.jpg,0
016612_1.jpg,0
010384_0.jpg,0
020807_0.jpg,0
023917_0.jpg,1
009636_1.jpg,1
015094_1.jpg,1
008124_1.jpg,1
002192_0.jpg,0
019443_0.jpg,0
020242_1.jpg,1
011923_0.jpg,0
022951_0.jpg,0
012671_0.jpg,0
001142_0.jpg,0
029541_0.jpg,0
017764_1.jpg,1
024674_1.jpg,1
014728_0.jpg,0
030269_1.jpg,1
000151_0.jpg,0
022820_0.jpg,0
026285_1.jpg,1
013386_1.jpg,1
022160_1.jpg,1
016717_1.jpg,1
019763_0.jpg,0
015888_0.jpg,0
009581_0.jpg,0
001404_0.jpg,0
013397_1.jpg,1
024585_1.jpg,1
019475_1.jpg,1
001279_1.jpg,1
009045_1.jpg,1
008969_0.jpg,0
011980_1.jpg,1
000662_1.jpg,1
020730_1.jpg,1
006051_1.jpg,1
012516_0.jpg,0
005645_1.jpg,0
008874_1.jpg,1
019729_1.jpg,1
026316_0.jpg,0
005904_0.jpg,0
010683_1.jpg,1
018901_1.jpg,1
030110_0.jpg,0
001266_1.jpg,1
025005_1.jpg,1
015019_0.jpg,0
011606_1.jpg,1
012051_1.jpg,1
026095_1.jpg,1
024509_1.jpg,1
008278_1.jpg,1
024014_1.jpg,1
024860_0.jpg,0
027198_0.jpg,0
010492_1.jpg,1
019996_1.jpg,1
030291_0.jpg,0
009718_1.jpg,1
018400_1.jpg,1
020026_0.jpg,1
020957_0.jpg,0
004440_0.jpg,0
014546_0.jpg,0
028480_1.jpg,1
001201_1.jpg,1
008842_1.jpg,1
019945_1.jpg,1
019252_0.jpg,0
018477_0.jpg,0
014429_0.jpg,0
020946_0.jpg,0
016880_1.jpg,1
027744_1.jpg,1
005322_0.jpg,0
024723_1.jpg,1
005788_1.jpg,1
028354_0.jpg,0
000132_1.jpg,1
020609_0.jpg,0
026663_1.jpg,1
011667_0.jpg,0
007135_0.jpg,0
003994_1.jpg,1
010554_0.jpg,0
016863_1.jpg,1
024970_1.jpg,1
009154_1.jpg,1
028929_0.jpg,0
021622_1.jpg,1
030329_0.jpg,0
000113_1.jpg,1
028289_1.jpg,1
030201_0.jpg,0
025249_1.jpg,1
003413_1.jpg,1
029679_1.jpg,1
014302_0.jpg,0
010751_0.jpg,0
010087_1.jpg,1
026969_1.jpg,1
000551_0.jpg,0
007647_1.jpg,1
017804_0.jpg,0
013349_0.jpg,0
009051_1.jpg,1
023721_0.jpg,1
022024_1.jpg,1
010916_0.jpg,0
009735_0.jpg,0
003138_0.jpg,0
021920_0.jpg,0
028818_1.jpg,1
000475_0.jpg,0
026369_0.jpg,0
020886_0.jpg,0
022029_0.jpg,0
022743_0.jpg,0
017628_0.jpg,0
018861_0.jpg,0
010042_1.jpg,1
020245_0.jpg,0
009315_0.jpg,0
022408_0.jpg,0
001538_0.jpg,0
012304_1.jpg,1
010913_0.jpg,0
014902_0.jpg,0
028803_0.jpg,0
010288_1.jpg,1
013317_0.jpg,0
011243_1.jpg,1
002394_0.jpg,0
013567_0.jpg,0
000358_0.jpg,0
013901_0.jpg,0
005742_0.jpg,0
028232_1.jpg,1
018526_1.jpg,1
003420_1.jpg,1
000291_0.jpg,0
006797_0.jpg,0
017316_0.jpg,0
009633_0.jpg,0
028350_1.jpg,1
021880_1.jpg,1
007290_1.jpg,1
029658_0.jpg,0
023769_1.jpg,1
008235_0.jpg,0
003511_1.jpg,1
005452_1.jpg,1
000215_1.jpg,1
023971_0.jpg,0
017291_0.jpg,0
030209_0.jpg,0
021602_1.jpg,1
028345_0.jpg,0
004627_1.jpg,1
023041_1.jpg,1
029438_0.jpg,0
004419_1.jpg,1
020573_1.jpg,1
007890_1.jpg,1
005768_0.jpg,0
010885_0.jpg,0
005259_0.jpg,0
010268_0.jpg,0
016033_1.jpg,1
002500_0.jpg,0
011016_1.jpg,1
005169_0.jpg,0
014618_1.jpg,1
009528_0.jpg,0
017121_1.jpg,1
008426_0.jpg,0
022481_1.jpg,1
027702_1.jpg,1
023821_0.jpg,0
029950_0.jpg,0
017432_1.jpg,1
021427_1.jpg,1
004072_0.jpg,0
027528_0.jpg,0
025909_1.jpg,1
029409_1.jpg,1
005069_1.jpg,1
021891_0.jpg,0
023886_1.jpg,1
012151_1.jpg,1
022710_1.jpg,1
002636_0.jpg,0
017611_1.jpg,1
027070_1.jpg,1
001780_0.jpg,0
005632_1.jpg,0
000465_0.jpg,0
015035_0.jpg,0
011551_0.jpg,0
008226_1.jpg,1
008223_1.jpg,1
018291_1.jpg,1
001830_1.jpg,1
009781_0.jpg,0
028884_0.jpg,0
006652_1.jpg,1
013290_1.jpg,1
001747_0.jpg,0
024090_1.jpg,1
020205_0.jpg,0
028873_1.jpg,1
026170_0.jpg,0
011825_1.jpg,1
027134_1.jpg,1
001641_1.jpg,1
030088_0.jpg,0
026566_1.jpg,1
014612_1.jpg,1
020561_0.jpg,0
005256_0.jpg,0
017145_0.jpg,0
016005_0.jpg,0
014228_0.jpg,0
002726_0.jpg,0
023931_1.jpg,1
023325_1.jpg,1
022931_1.jpg,1
015294_1.jpg,1
004717_0.jpg,0
000478_0.jpg,0
028779_1.jpg,1
005648_0.jpg,0
029260_1.jpg,1
011326_1.jpg,1
008657_1.jpg,1
025783_0.jpg,0
001374_1.jpg,1
006656_0.jpg,0
003552_1.jpg,1
008014_0.jpg,0
012740_1.jpg,1
002858_1.jpg,1
027184_0.jpg,0
009386_0.jpg,0
028131_1.jpg,1
005956_0.jpg,0
016799_1.jpg,1
025284_1.jpg,1
010495_0.jpg,0
022727_1.jpg,1
024460_0.jpg,0
008584_0.jpg,0
019080_1.jpg,1
022988_1.jpg,1
012742_1.jpg,1
024020_1.jpg,1
012421_0.jpg,0
010233_0.jpg,0
026962_0.jpg,0
018379_0.jpg,0
010057_1.jpg,1
004223_1.jpg,1
020838_1.jpg,1
021480_1.jpg,1
009411_1.jpg,1
023120_0.jpg,0
025216_0.jpg,0
010772_0.jpg,0
013110_1.jpg,1
029227_0.jpg,0
023858_1.jpg,1
028999_0.jpg,0
022912_1.jpg,1
027060_0.jpg,0
029507_0.jpg,0
004764_1.jpg,1
015316_0.jpg,0
019005_1.jpg,1
024608_1.jpg,1
011853_1.jpg,1
006022_0.jpg,0
026870_0.jpg,0
019323_1.jpg,1
010557_1.jpg,1
023204_1.jpg,1
015620_1.jpg,1
002724_0.jpg,0
000270_0.jpg,0
011597_0.jpg,0
011790_1.jpg,1
008528_0.jpg,0
012905_1.jpg,1
029893_1.jpg,1
029335_0.jpg,0
013777_0.jpg,0
017772_1.jpg,1
003582_1.jpg,1
006260_1.jpg,1
019898_0.jpg,0
021097_1.jpg,1
024131_1.jpg,1
003407_1.jpg,1
004578_1.jpg,1
020779_1.jpg,1
016268_1.jpg,1
021493_0.jpg,0
015025_1.jpg,1
026092_1.jpg,1
003335_0.jpg,0
003854_0.jpg,0
021857_0.jpg,0
001167_1.jpg,1
013100_0.jpg,0
022337_1.jpg,1
021513_0.jpg,0
022158_1.jpg,1
010355_0.jpg,0
026934_1.jpg,1
014055_0.jpg,0
003108_0.jpg,0
010717_0.jpg,0
020575_0.jpg,0
013320_1.jpg,1
015048_1.jpg,1
020731_1.jpg,1
019572_1.jpg,1
027930_1.jpg,1
025155_1.jpg,1
025914_1.jpg,1
000736_0.jpg,0
027673_0.jpg,0
028837_0.jpg,0
013135_0.jpg,0
005061_1.jpg,1
006732_1.jpg,1
028365_1.jpg,1
017178_0.jpg,0
028980_0.jpg,0
018812_0.jpg,0
021834_0.jpg,0
014111_1.jpg,1
010845_1.jpg,1
005019_1.jpg,1
005977_1.jpg,1
026352_1.jpg,1
020555_0.jpg,0
012137_0.jpg,0
025438_0.jpg,0
007712_1.jpg,1
008605_1.jpg,1
003766_1.jpg,1
022848_1.jpg,1
018146_1.jpg,1
023417_1.jpg,1
020804_1.jpg,1
000395_0.jpg,0
005711_0.jpg,0
003913_0.jpg,0
013022_0.jpg,0
021279_1.jpg,1
004778_1.jpg,1
028129_1.jpg,1
003737_1.jpg,1
011338_1.jpg,1
005677_1.jpg,1
000178_1.jpg,1
020546_1.jpg,1
003416_0.jpg,1
017659_0.jpg,0
006505_1.jpg,1
005428_0.jpg,0
009582_0.jpg,0
030395_1.jpg,1
023970_1.jpg,1
020509_0.jpg,0
018871_0.jpg,0
011237_1.jpg,1
020977_1.jpg,1
012867_0.jpg,0
020232_1.jpg,1
008993_0.jpg,0
028456_0.jpg,0
024469_1.jpg,1
010181_0.jpg,0
022041_1.jpg,1
020012_1.jpg,1
017591_1.jpg,1
023575_0.jpg,0
023505_0.jpg,0
014754_1.jpg,1
006343_1.jpg,1
017506_1.jpg,1
009516_1.jpg,1
000365_0.jpg,0
011093_1.jpg,1
014432_1.jpg,0
001472_1.jpg,1
004411_1.jpg,1
004375_1.jpg,1
016421_1.jpg,1
018333_1.jpg,1
020553_1.jpg,1
005726_1.jpg,1
021575_1.jpg,1
007905_1.jpg,1
001221_0.jpg,0
003611_1.jpg,1
018597_0.jpg,0
002771_1.jpg,1
029847_1.jpg,1
005966_1.jpg,1
015135_1.jpg,1
007922_1.jpg,1
016310_0.jpg,0
027863_1.jpg,1
024347_0.jpg,0
021272_1.jpg,1
009334_1.jpg,1
008154_1.jpg,1
028300_1.jpg,1
027019_1.jpg,1
027923_1.jpg,1
010377_1.jpg,1
009403_1.jpg,1
020983_1.jpg,1
011019_1.jpg,1
005194_0.jpg,0
001479_0.jpg,0
023626_1.jpg,1
010841_1.jpg,1
005456_0.jpg,0
009683_0.jpg,0
000779_0.jpg,0
027161_1.jpg,1
005166_1.jpg,1
000136_0.jpg,0
018263_1.jpg,1
002084_0.jpg,0
017688_1.jpg,1
006026_1.jpg,1
002885_0.jpg,0
021558_0.jpg,0
000636_0.jpg,0
017015_0.jpg,0
020047_1.jpg,1
020729_0.jpg,0
028550_1.jpg,1
007933_1.jpg,1
030226_0.jpg,0
014005_1.jpg,1
010518_0.jpg,0
027091_0.jpg,0
007841_1.jpg,1
009456_1.jpg,1
014630_1.jpg,1
008744_0.jpg,0
018686_0.jpg,0
005289_0.jpg,0
015234_1.jpg,1
009033_0.jpg,0
020930_0.jpg,0
003176_0.jpg,0
004238_0.jpg,1
004836_1.jpg,1
019298_1.jpg,1
018117_0.jpg,0
023957_0.jpg,0
028648_0.jpg,0
010330_0.jpg,0
026280_1.jpg,1
025070_1.jpg,1
002241_0.jpg,0
010222_0.jpg,0
029937_1.jpg,1
019271_0.jpg,0
008431_0.jpg,0
008167_1.jpg,1
006130_1.jpg,1
014445_0.jpg,0
006449_1.jpg,1
012786_0.jpg,0
007171_1.jpg,1
003389_1.jpg,1
024126_0.jpg,0
015063_0.jpg,0
016739_1.jpg,1
024912_0.jpg,0
010657_0.jpg,0
009430_0.jpg,0
000811_1.jpg,1
000549_1.jpg,1
015206_0.jpg,1
028880_0.jpg,0
018371_1.jpg,1
029594_1.jpg,1
011056_0.jpg,0
025745_0.jpg,0
005445_1.jpg,1
019719_0.jpg,0
008850_0.jpg,0
014350_0.jpg,0
023305_1.jpg,1
008364_1.jpg,1
004016_0.jpg,0
012202_0.jpg,0
022465_0.jpg,0
018712_0.jpg,0
026473_1.jpg,1
009425_0.jpg,0
027606_1.jpg,1
003987_0.jpg,0
006625_1.jpg,1
007970_0.jpg,0
018800_1.jpg,1
024483_0.jpg,0
010091_0.jpg,0
030295_0.jpg,0
028725_1.jpg,1
010102_1.jpg,1
007875_0.jpg,0
018596_1.jpg,1
019389_1.jpg,1
005252_0.jpg,0
014129_1.jpg,1
029858_0.jpg,0
027997_1.jpg,1
021068_0.jpg,0
004425_1.jpg,1
002572_1.jpg,1
018514_0.jpg,0
023602_1.jpg,1
002576_1.jpg,1
010192_0.jpg,0
002528_1.jpg,1
027333_1.jpg,1
006643_1.jpg,1
001540_1.jpg,1
025831_1.jpg,1
027762_0.jpg,0
013862_1.jpg,1
001104_1.jpg,1
021610_1.jpg,1
022788_0.jpg,0
027819_0.jpg,0
021869_1.jpg,1
019065_1.jpg,1
013749_1.jpg,1
024041_1.jpg,1
014948_1.jpg,1
009677_0.jpg,0
018548_1.jpg,1
007856_0.jpg,0
019054_0.jpg,0
016193_1.jpg,1
023226_0.jpg,0
002033_0.jpg,0
025656_0.jpg,0
018390_0.jpg,0
013527_0.jpg,0
018858_1.jpg,1
024218_1.jpg,1
018762_1.jpg,1
025708_0.jpg,0
016755_1.jpg,1
028084_0.jpg,0
005157_1.jpg,1
026455_0.jpg,0
020373_1.jpg,1
001281_1.jpg,1
007608_1.jpg,1
021013_1.jpg,1
022576_0.jpg,0
008878_0.jpg,0
018250_1.jpg,1
024945_0.jpg,0
001748_1.jpg,1
024561_1.jpg,1
030280_0.jpg,0
009785_1.jpg,1
015258_1.jpg,1
007200_0.jpg,0
025777_0.jpg,0
013939_1.jpg,1
010342_0.jpg,0
019947_0.jpg,0
021966_1.jpg,1
011559_1.jpg,1
024023_0.jpg,0
002864_0.jpg,0
022163_0.jpg,0
000141_0.jpg,0
021896_0.jpg,0
019513_0.jpg,0
001962_0.jpg,0
021325_1.jpg,1
027088_1.jpg,1
005965_0.jpg,0
028174_1.jpg,1
003985_1.jpg,1
017713_1.jpg,1
028045_0.jpg,0
027462_1.jpg,1
015027_0.jpg,0
002628_1.jpg,1
010243_1.jpg,1
002620_1.jpg,1
006276_1.jpg,1
027836_1.jpg,1
030061_0.jpg,0
027159_0.jpg,0
021271_0.jpg,0
024376_1.jpg,1
010400_1.jpg,1
029855_1.jpg,1
023190_0.jpg,0
013663_0.jpg,0
022983_0.jpg,0
019593_1.jpg,1
008065_1.jpg,1
018891_0.jpg,0
025358_1.jpg,1
019806_0.jpg,0
020166_0.jpg,0
023111_0.jpg,0
027266_0.jpg,0
008463_1.jpg,1
019094_1.jpg,1
028304_0.jpg,0
010441_0.jpg,1
022808_1.jpg,1
025171_0.jpg,0
018722_0.jpg,0
027437_1.jpg,1
024447_0.jpg,0
011741_1.jpg,1
011566_1.jpg,1
020019_0.jpg,0
025899_1.jpg,1
011609_0.jpg,0
013711_0.jpg,0
026675_1.jpg,0
014113_0.jpg,0
011157_0.jpg,0
030364_0.jpg,0
007999_0.jpg,0
001318_0.jpg,0
011955_1.jpg,1
010378_0.jpg,0
017714_0.jpg,0
023805_0.jpg,0
001975_1.jpg,1
017667_0.jpg,0
016508_0.jpg,0
013980_0.jpg,0
007043_0.jpg,0
018087_0.jpg,0
025108_0.jpg,0
014317_0.jpg,0
016630_0.jpg,0
020910_1.jpg,1
026656_1.jpg,1
023444_0.jpg,0
020926_0.jpg,0
028972_0.jpg,0
030414_0.jpg,0
006760_0.jpg,0
023890_1.jpg,1
029342_0.jpg,0
020190_0.jpg,0
028615_1.jpg,1
028720_0.jpg,0
026605_1.jpg,1
011296_0.jpg,0
021995_0.jpg,0
017842_1.jpg,1
007868_1.jpg,1
017280_1.jpg,1
030206_0.jpg,0
012693_1.jpg,1
002010_0.jpg,0
005016_1.jpg,1
027877_0.jpg,0
017830_0.jpg,1
001792_1.jpg,1
000966_1.jpg,1
019546_0.jpg,0
022699_0.jpg,0
027855_1.jpg,1
029344_1.jpg,1
029646_1.jpg,1
013759_1.jpg,1
028946_0.jpg,0
014611_0.jpg,0
015018_0.jpg,0
003126_0.jpg,0
014785_0.jpg,1
003551_0.jpg,0
013614_1.jpg,1
029200_1.jpg,1
003527_1.jpg,1
017383_0.jpg,0
025178_1.jpg,1
010351_0.jpg,0
019858_0.jpg,0
028146_0.jpg,0
011737_0.jpg,0
013277_1.jpg,1
009708_1.jpg,1
021528_1.jpg,1
015961_1.jpg,1
012794_1.jpg,1
009325_1.jpg,1
005121_0.jpg,0
002903_0.jpg,0
006080_0.jpg,0
005082_0.jpg,0
007907_1.jpg,1
010339_0.jpg,0
027791_0.jpg,0
028474_1.jpg,1
006938_1.jpg,1
012467_1.jpg,1
001588_0.jpg,0
027273_1.jpg,1
028340_1.jpg,1
013392_0.jpg,0
012130_1.jpg,1
005855_1.jpg,1
004952_1.jpg,1
024261_1.jpg,1
000394_1.jpg,1
010073_1.jpg,1
018640_1.jpg,1
019013_0.jpg,0
009101_0.jpg,0
012050_0.jpg,0
015085_0.jpg,0
001052_1.jpg,1
023838_0.jpg,0
023998_0.jpg,0
005951_0.jpg,0
010433_1.jpg,1
009174_1.jpg,1
001112_1.jpg,1
014683_0.jpg,0
024466_0.jpg,0
012456_1.jpg,1
006690_0.jpg,0
024813_0.jpg,0
002811_1.jpg,1
007835_0.jpg,0
024009_1.jpg,1
029575_1.jpg,0
006227_0.jpg,0
022040_1.jpg,1
023027_0.jpg,0
025398_1.jpg,1
027838_1.jpg,1
024593_1.jpg,1
029074_1.jpg,1
024155_0.jpg,0
022785_0.jpg,0
009800_0.jpg,0
020071_1.jpg,1
024880_0.jpg,0
018281_1.jpg,1
029889_1.jpg,1
001691_1.jpg,1
019489_1.jpg,1
024426_1.jpg,1
015396_1.jpg,1
001749_1.jpg,1
010364_1.jpg,1
003027_0.jpg,0
018498_0.jpg,1
013306_0.jpg,0
014831_1.jpg,1
021545_1.jpg,1
014035_0.jpg,0
010760_1.jpg,1
019899_1.jpg,1
029092_0.jpg,0
017954_1.jpg,1
011015_1.jpg,1
012373_0.jpg,0
011669_1.jpg,1
006526_1.jpg,1
020570_1.jpg,1
019954_0.jpg,0
022439_1.jpg,1
002569_0.jpg,0
020394_0.jpg,0
024086_0.jpg,0
000677_0.jpg,0
017469_0.jpg,0
001532_0.jpg,0
003545_1.jpg,1
012397_0.jpg,0
010487_0.jpg,0
016766_0.jpg,0
014755_1.jpg,1
010241_1.jpg,1
027285_0.jpg,0
020094_0.jpg,0
014251_0.jpg,0
019467_1.jpg,1
004796_0.jpg,0
017151_1.jpg,1
020645_1.jpg,1
014389_0.jpg,0
005982_1.jpg,1
025404_0.jpg,0
004611_1.jpg,1
024891_1.jpg,1
013299_1.jpg,1
001662_0.jpg,0
001901_0.jpg,0
027116_1.jpg,1
019410_0.jpg,0
026668_0.jpg,0
017618_0.jpg,0
015595_0.jpg,0
011629_1.jpg,1
025307_1.jpg,1
011020_1.jpg,0
019275_1.jpg,1
028534_0.jpg,0
013176_0.jpg,0
029303_1.jpg,1
017747_1.jpg,1
014610_1.jpg,1
007571_1.jpg,1
017796_0.jpg,0
029434_0.jpg,0
029601_0.jpg,0
001111_0.jpg,0
005419_1.jpg,1
019159_0.jpg,0
024614_0.jpg,0
026495_0.jpg,0
023300_1.jpg,1
002718_0.jpg,0
008005_1.jpg,1
028430_0.jpg,0
019221_0.jpg,0
015994_0.jpg,0
001802_1.jpg,1
005521_0.jpg,0
004163_1.jpg,1
024373_0.jpg,0
004353_0.jpg,0
009615_1.jpg,1
012405_0.jpg,0
007452_1.jpg,1
018305_1.jpg,1
020145_0.jpg,1
007118_1.jpg,1
011442_1.jpg,1
017220_0.jpg,0
002466_1.jpg,1
017844_0.jpg,0
016918_0.jpg,0
026024_0.jpg,0
009799_1.jpg,1
013897_0.jpg,0
028151_0.jpg,0
029786_1.jpg,1
012588_0.jpg,0
010880_0.jpg,0
009653_1.jpg,1
017413_1.jpg,1
022765_0.jpg,0
020161_1.jpg,1
027341_0.jpg,0
020210_1.jpg,1
025806_0.jpg,0
029929_0.jpg,0
014366_0.jpg,0
014379_1.jpg,1
028209_1.jpg,1
019713_0.jpg,0
007211_1.jpg,1
025742_0.jpg,0
002189_0.jpg,0
021556_0.jpg,0
013023_1.jpg,1
009629_1.jpg,1
007466_1.jpg,1
022332_0.jpg,0
015675_0.jpg,0
017284_1.jpg,1
016609_1.jpg,1
027733_1.jpg,1
022313_0.jpg,0
020966_0.jpg,0
003230_1.jpg,1
028385_0.jpg,0
018682_0.jpg,0
017327_1.jpg,1
004156_0.jpg,0
019610_1.jpg,1
004481_0.jpg,1
008425_0.jpg,0
015089_1.jpg,1
005439_0.jpg,0
027732_0.jpg,0
021078_0.jpg,0
012177_1.jpg,1
020258_0.jpg,0
016473_1.jpg,1
019978_0.jpg,0
010958_0.jpg,0
029392_0.jpg,0
019016_0.jpg,0
015181_0.jpg,0
028166_1.jpg,1
016153_0.jpg,0
020495_0.jpg,0
022483_0.jpg,0
003121_1.jpg,1
011590_1.jpg,1
025971_1.jpg,1
016660_0.jpg,0
003534_1.jpg,1
010789_1.jpg,1
001458_0.jpg,0
015744_1.jpg,1
002863_1.jpg,1
002597_1.jpg,1
017369_1.jpg,1
001706_1.jpg,1
016629_0.jpg,0
000288_1.jpg,1
016043_0.jpg,0
026891_0.jpg,0
025023_1.jpg,1
027038_1.jpg,1
029131_1.jpg,1
006703_0.jpg,0
024141_1.jpg,1
003075_1.jpg,1
014024_1.jpg,1
028492_1.jpg,0
016092_0.jpg,0
019454_1.jpg,1
022312_1.jpg,1
023236_1.jpg,1
022139_1.jpg,1
021483_0.jpg,0
025906_0.jpg,0
022856_1.jpg,1
002618_0.jpg,1
029338_1.jpg,1
022889_0.jpg,0
001460_0.jpg,0
008009_0.jpg,0
011791_0.jpg,0
007850_0.jpg,0
017712_1.jpg,1
014558_0.jpg,0
024887_0.jpg,0
030251_0.jpg,0
029582_0.jpg,0
023539_1.jpg,1
028465_1.jpg,1
014792_1.jpg,1
012318_1.jpg,1
009437_1.jpg,1
007136_0.jpg,0
017877_1.jpg,1
014688_0.jpg,0
000769_1.jpg,1
005124_0.jpg,0
023492_0.jpg,0
007715_1.jpg,1
005937_0.jpg,0
020216_0.jpg,0
008948_1.jpg,1
016343_1.jpg,1
016484_1.jpg,1
011098_1.jpg,1
004142_1.jpg,1
019432_1.jpg,1
011090_1.jpg,1
024034_1.jpg,1
022900_1.jpg,1
010032_0.jpg,0
002974_1.jpg,1
024402_1.jpg,1
015818_1.jpg,1
003903_1.jpg,1
007025_0.jpg,0
024203_1.jpg,1
004477_1.jpg,0
001172_0.jpg,0
007665_1.jpg,1
013634_0.jpg,0
022202_1.jpg,1
018308_1.jpg,1
014639_1.jpg,1
001560_1.jpg,1
023442_0.jpg,0
006056_0.jpg,0
010858_1.jpg,1
025017_0.jpg,0
017548_1.jpg,1
020362_1.jpg,1
026172_1.jpg,1
006802_0.jpg,0
018197_1.jpg,1
022612_1.jpg,1
025446_0.jpg,0
009646_0.jpg,0
015191_1.jpg,1
015303_1.jpg,1
026466_1.jpg,1
025643_1.jpg,1
004146_1.jpg,1
011588_1.jpg,1
017101_0.jpg,1
029589_0.jpg,0
021970_0.jpg,0
005893_1.jpg,1
021848_0.jpg,1
007065_1.jpg,1
010585_1.jpg,1
025474_0.jpg,0
005771_1.jpg,1
025636_0.jpg,0
013855_1.jpg,1
006795_0.jpg,0
027524_0.jpg,0
026519_0.jpg,0
010921_1.jpg,1
025542_1.jpg,1
006812_0.jpg,0
008390_1.jpg,1
008493_0.jpg,0
026089_1.jpg,1
010791_1.jpg,1
010955_1.jpg,1
021501_1.jpg,1
011240_1.jpg,1
002242_0.jpg,0
015115_0.jpg,0
028889_1.jpg,1
015230_1.jpg,1
018419_1.jpg,1
007328_1.jpg,1
024139_1.jpg,1
005073_1.jpg,1
024256_1.jpg,1
010061_0.jpg,0
011939_0.jpg,0
013399_1.jpg,1
024321_0.jpg,0
012190_1.jpg,1
008815_1.jpg,1
001971_1.jpg,1
002276_1.jpg,1
020834_0.jpg,0
020530_0.jpg,0
022383_0.jpg,0
012768_0.jpg,0
002244_0.jpg,0
001988_1.jpg,1
016465_0.jpg,0
026630_0.jpg,0
026000_0.jpg,0
012534_0.jpg,0
020122_1.jpg,1
019242_0.jpg,0
003144_0.jpg,0
020053_0.jpg,0
002842_1.jpg,1
004537_0.jpg,0
015338_1.jpg,1
003073_0.jpg,0
022015_1.jpg,1
021288_0.jpg,0
016927_0.jpg,0
026219_1.jpg,1
006824_0.jpg,0
023307_1.jpg,1
013016_1.jpg,1
009721_0.jpg,0
017725_1.jpg,1
023411_1.jpg,1
019030_0.jpg,0
021718_1.jpg,1
008032_0.jpg,0
014478_0.jpg,0
011436_0.jpg,0
024083_1.jpg,1
028429_1.jpg,1
013769_0.jpg,0
007314_0.jpg,0
017647_1.jpg,1
020814_0.jpg,0
008091_0.jpg,0
001188_0.jpg,0
021060_1.jpg,1
008478_1.jpg,1
014692_0.jpg,0
000212_1.jpg,1
021881_0.jpg,0
024774_0.jpg,1
000700_1.jpg,1
017214_1.jpg,1
011873_0.jpg,0
005257_0.jpg,0
023272_1.jpg,1
001686_1.jpg,1
018303_0.jpg,0
008000_0.jpg,0
020733_0.jpg,0
005752_1.jpg,1
029103_1.jpg,1
015423_0.jpg,0
024182_0.jpg,0
022138_1.jpg,1
027856_0.jpg,0
013624_0.jpg,0
014928_0.jpg,0
017644_1.jpg,1
004728_1.jpg,1
002349_1.jpg,1
012664_1.jpg,1
025682_1.jpg,1
024031_0.jpg,0
012931_1.jpg,0
008574_1.jpg,1
018713_0.jpg,0
007022_0.jpg,0
007621_0.jpg,0
028055_1.jpg,1
005795_1.jpg,1
027837_0.jpg,0
006644_1.jpg,1
002414_1.jpg,1
000075_1.jpg,1
026855_0.jpg,0
003529_1.jpg,1
012392_1.jpg,1
007257_1.jpg,1
005684_1.jpg,1
026976_1.jpg,1
022601_1.jpg,1
029716_1.jpg,1
005858_1.jpg,1
016419_1.jpg,1
020958_0.jpg,0
018198_1.jpg,1
027708_1.jpg,1
001423_1.jpg,1
029078_0.jpg,0
015246_0.jpg,0
019979_1.jpg,1
028693_0.jpg,0
008562_0.jpg,0
003140_1.jpg,1
018224_1.jpg,1
026385_1.jpg,1
015148_0.jpg,0
002767_0.jpg,0
014101_1.jpg,1
027445_1.jpg,1
028029_1.jpg,1
016754_0.jpg,0
012799_1.jpg,1
011363_1.jpg,1
004707_1.jpg,1
009558_1.jpg,1
004262_1.jpg,1
022209_0.jpg,0
027172_0.jpg,0
020657_1.jpg,1
011964_0.jpg,0
008677_1.jpg,1
015868_1.jpg,1
023518_1.jpg,1
026276_1.jpg,1
016622_1.jpg,1
000376_1.jpg,1
030422_1.jpg,1
013257_0.jpg,0
006964_0.jpg,0
017408_1.jpg,1
016599_0.jpg,0
010578_0.jpg,0
008386_0.jpg,0
018584_1.jpg,1
025385_0.jpg,0
008689_0.jpg,0
008291_0.jpg,1
008539_1.jpg,1
004008_1.jpg,1
022561_1.jpg,1
005495_1.jpg,1
001278_0.jpg,0
014629_1.jpg,1
027972_0.jpg,0
018654_1.jpg,1
003632_0.jpg,0
006167_1.jpg,1
009483_0.jpg,0
015067_1.jpg,1
005603_1.jpg,1
011115_0.jpg,0
023682_0.jpg,0
025839_0.jpg,0
025665_1.jpg,1
009598_0.jpg,0
003592_1.jpg,1
022670_0.jpg,0
001638_1.jpg,1
008641_1.jpg,1
011758_1.jpg,1
013858_0.jpg,0
003191_1.jpg,1
000192_1.jpg,1
029250_1.jpg,1
003445_1.jpg,0
020699_1.jpg,1
015507_0.jpg,0
023620_1.jpg,1
029854_1.jpg,1
028248_0.jpg,0
023795_1.jpg,1
009356_1.jpg,1
022964_0.jpg,0
008796_0.jpg,0
016960_0.jpg,0
008800_1.jpg,1
027810_1.jpg,1
027259_1.jpg,1
021485_1.jpg,1
027705_0.jpg,0
003009_0.jpg,0
017086_1.jpg,1
015535_1.jpg,1
009448_1.jpg,1
014836_1.jpg,1
023894_0.jpg,0
020429_1.jpg,1
003211_1.jpg,1
002621_0.jpg,0
008417_1.jpg,1
016633_1.jpg,1
016517_1.jpg,1
018869_1.jpg,1
024152_1.jpg,1
029934_1.jpg,1
015275_1.jpg,1
022399_0.jpg,0
012363_1.jpg,1
030025_1.jpg,1
001017_0.jpg,0
023209_0.jpg,0
001562_0.jpg,0
018990_0.jpg,0
022539_1.jpg,1
005267_0.jpg,0
024412_1.jpg,1
020341_0.jpg,0
029548_0.jpg,0
003799_1.jpg,1
010945_1.jpg,1
025198_0.jpg,0
011536_1.jpg,1
000109_1.jpg,1
021183_1.jpg,1
015306_0.jpg,0
019869_0.jpg,0
025097_1.jpg,0
000569_1.jpg,1
012457_0.jpg,0
004612_0.jpg,0
028295_1.jpg,1
024212_0.jpg,0
017254_1.jpg,1
014439_1.jpg,1
011125_0.jpg,0
006238_1.jpg,1
000996_0.jpg,0
004886_1.jpg,1
023748_1.jpg,1
000588_1.jpg,1
004322_0.jpg,0
008100_1.jpg,1
025286_0.jpg,0
008665_0.jpg,0
006700_1.jpg,1
014142_1.jpg,1
001558_0.jpg,0
012785_0.jpg,0
013261_1.jpg,1
019885_1.jpg,1
000759_0.jpg,0
014400_0.jpg,0
014169_1.jpg,1
018517_0.jpg,0
005575_0.jpg,0
029177_0.jpg,0
016462_0.jpg,0
019937_1.jpg,1
006236_1.jpg,1
009557_1.jpg,1
023592_0.jpg,0
003079_1.jpg,1
003462_1.jpg,1
023326_0.jpg,0
008950_1.jpg,1
019044_1.jpg,1
010195_1.jpg,1
020391_0.jpg,0
006045_1.jpg,1
013279_0.jpg,0
000457_1.jpg,1
004105_1.jpg,1
004599_1.jpg,1
011788_1.jpg,1
013358_0.jpg,0
019025_0.jpg,0
019377_0.jpg,0
022381_0.jpg,0
022463_0.jpg,0
028735_1.jpg,1
000172_1.jpg,1
030126_1.jpg,1
016883_0.jpg,0
026066_0.jpg,0
019402_1.jpg,1
002013_1.jpg,1
016230_1.jpg,1
028026_1.jpg,1
027348_0.jpg,0
000095_0.jpg,0
021057_1.jpg,1
021012_1.jpg,1
020596_1.jpg,1
006891_1.jpg,1
026358_1.jpg,1
007287_0.jpg,0
027684_1.jpg,1
026837_1.jpg,1
014461_0.jpg,0
022237_0.jpg,0
027977_1.jpg,1
019263_1.jpg,1
012481_1.jpg,1
018887_0.jpg,0
014991_0.jpg,0
001957_1.jpg,1
014187_1.jpg,1
016569_0.jpg,0
014225_0.jpg,0
023484_1.jpg,1
000088_0.jpg,0
013685_0.jpg,0
024793_1.jpg,1
027514_0.jpg,0
004437_1.jpg,0
000799_0.jpg,0
011594_0.jpg,1
000948_0.jpg,0
018848_1.jpg,1
001557_1.jpg,1
022871_1.jpg,1
010768_1.jpg,1
015488_0.jpg,0
018433_1.jpg,1
007404_1.jpg,1
026306_1.jpg,1
001003_0.jpg,0
014383_1.jpg,1
014505_1.jpg,1
008232_1.jpg,1
028678_0.jpg,0
015457_1.jpg,1
010874_0.jpg,0
010747_0.jpg,1
003207_1.jpg,1
016565_0.jpg,0
024779_0.jpg,0
022179_0.jpg,0
002006_0.jpg,0
006515_0.jpg,0
012369_0.jpg,0
025412_1.jpg,1
008759_1.jpg,1
000068_1.jpg,1
023152_1.jpg,1
021887_0.jpg,0
008163_1.jpg,1
008547_1.jpg,1
013799_1.jpg,1
029871_1.jpg,1
018841_0.jpg,0
011695_1.jpg,1
012101_1.jpg,1
002396_0.jpg,0
024323_0.jpg,0
012083_1.jpg,1
006873_1.jpg,1
024546_1.jpg,1
026536_0.jpg,0
000506_1.jpg,1
001741_0.jpg,0
017089_1.jpg,1
016428_0.jpg,1
016227_0.jpg,0
020935_1.jpg,1
010406_0.jpg,0
029437_1.jpg,1
014335_0.jpg,0
024512_1.jpg,1
006006_1.jpg,1
004104_0.jpg,0
005898_1.jpg,1
024231_0.jpg,0
029379_0.jpg,0
015194_1.jpg,1
021849_1.jpg,1
026052_1.jpg,0
025157_0.jpg,0
008099_1.jpg,1
001330_1.jpg,1
029502_0.jpg,0
024588_0.jpg,0
009608_0.jpg,0
012454_0.jpg,0
016199_1.jpg,1
023797_0.jpg,0
005491_1.jpg,1
000850_1.jpg,1
002218_1.jpg,1
013207_1.jpg,1
007376_0.jpg,0
006068_1.jpg,1
028388_0.jpg,0
020985_1.jpg,1
025644_0.jpg,0
014604_0.jpg,0
018853_1.jpg,1
017527_0.jpg,0
005251_1.jpg,1
019339_1.jpg,1
012330_1.jpg,1
001238_0.jpg,0
011535_1.jpg,1
011645_1.jpg,1
011372_1.jpg,1
007310_1.jpg,1
006956_0.jpg,0
015688_1.jpg,1
010240_1.jpg,1
017109_1.jpg,1
008129_1.jpg,1
016909_1.jpg,1
001762_0.jpg,0
001969_0.jpg,0
013411_0.jpg,0
008655_1.jpg,1
014527_0.jpg,0
007124_1.jpg,1
004520_1.jpg,1
005918_0.jpg,1
011509_1.jpg,1
011924_1.jpg,1
029237_0.jpg,0
006295_0.jpg,0
021990_1.jpg,1
004757_1.jpg,1
017540_0.jpg,0
008692_1.jpg,1
009363_1.jpg,1
028902_0.jpg,0
000046_1.jpg,1
017914_1.jpg,1
010601_0.jpg,1
025268_1.jpg,1
027531_0.jpg,0
014473_1.jpg,1
012394_0.jpg,0
019496_1.jpg,1
021895_1.jpg,1
020828_0.jpg,0
002684_0.jpg,0
013559_0.jpg,0
015392_1.jpg,1
011546_0.jpg,0
027425_0.jpg,0
010738_1.jpg,1
013184_0.jpg,0
029647_0.jpg,0
009747_1.jpg,1
021588_1.jpg,1
027121_0.jpg,0
028512_0.jpg,0
028202_0.jpg,0
002404_0.jpg,0
012706_0.jpg,0
026154_1.jpg,1
021956_1.jpg,1
005549_1.jpg,1
025609_0.jpg,0
022073_0.jpg,0
007778_1.jpg,1
024718_0.jpg,1
002971_0.jpg,0
007632_1.jpg,1
026186_0.jpg,0
014765_1.jpg,1
026698_1.jpg,1
019384_0.jpg,0
007744_1.jpg,1
009715_1.jpg,1
022345_1.jpg,1
014861_1.jpg,1
010739_0.jpg,0
018309_1.jpg,1
025998_0.jpg,0
017304_1.jpg,1
006380_1.jpg,1
017152_1.jpg,1
010534_0.jpg,0
015009_0.jpg,0
021590_0.jpg,0
020359_1.jpg,1
005147_1.jpg,1
012346_0.jpg,0
021082_0.jpg,0
003069_0.jpg,0
011215_1.jpg,1
006251_1.jpg,1
001531_1.jpg,1
012683_1.jpg,1
010920_1.jpg,1
001202_0.jpg,0
001788_1.jpg,1
024761_0.jpg,0
025690_1.jpg,1
019361_0.jpg,0
009041_1.jpg,1
011081_1.jpg,1
007126_1.jpg,1
011841_1.jpg,1
020724_0.jpg,0
023061_1.jpg,1
002924_1.jpg,1
016094_1.jpg,1
004334_0.jpg,0
023062_0.jpg,0
001763_1.jpg,1
007210_0.jpg,0
012344_0.jpg,0
030060_0.jpg,0
015114_0.jpg,0
025133_0.jpg,0
029877_1.jpg,1
007541_1.jpg,1
015047_0.jpg,0
026559_1.jpg,1
026069_0.jpg,0
008818_1.jpg,1
026954_1.jpg,1
008564_0.jpg,1
007988_0.jpg,0
007416_1.jpg,1
020702_0.jpg,0
013913_1.jpg,1
017394_1.jpg,1
001071_1.jpg,1
028136_1.jpg,1
013400_1.jpg,1
024733_0.jpg,0
000237_0.jpg,0
001162_1.jpg,1
005523_1.jpg,1
027219_0.jpg,0
020202_1.jpg,1
002882_1.jpg,1
023182_1.jpg,1
018602_0.jpg,0
017838_1.jpg,1
027818_0.jpg,0
019864_1.jpg,1
026427_0.jpg,0
023389_1.jpg,1
004803_1.jpg,1
019854_1.jpg,1
019976_1.jpg,1
013431_1.jpg,1
005688_1.jpg,1
014202_0.jpg,0
016728_1.jpg,1
014648_1.jpg,1
026653_0.jpg,0
029009_1.jpg,1
008479_1.jpg,1
003800_0.jpg,0
028558_1.jpg,1
027543_1.jpg,1
020895_0.jpg,0
007705_0.jpg,0
010762_1.jpg,1
010940_0.jpg,0
006893_0.jpg,0
025645_1.jpg,1
023197_1.jpg,1
019803_1.jpg,1
009020_1.jpg,1
023296_1.jpg,1
025191_1.jpg,0
004557_0.jpg,0
008037_0.jpg,0
001353_1.jpg,1
025729_1.jpg,1
027261_1.jpg,1
011099_0.jpg,0
029017_1.jpg,1
014404_1.jpg,1
016526_1.jpg,1
007607_0.jpg,0
027424_1.jpg,1
011136_1.jpg,1
019544_1.jpg,1
027150_1.jpg,1
008734_0.jpg,0
010262_0.jpg,0
023776_0.jpg,0
029619_1.jpg,1
013416_1.jpg,1
028386_1.jpg,1
022219_0.jpg,0
009684_1.jpg,1
001565_0.jpg,0
015776_0.jpg,0
024507_0.jpg,0
029683_1.jpg,1
025318_0.jpg,0
029585_0.jpg,0
005921_1.jpg,1
019759_1.jpg,1
005483_0.jpg,0
013450_1.jpg,1
006728_1.jpg,1
017751_1.jpg,1
002251_1.jpg,1
013953_0.jpg,0
006974_0.jpg,0
025312_0.jpg,0
013333_0.jpg,0
010208_1.jpg,1
006605_1.jpg,1
021186_1.jpg,1
021674_1.jpg,1
027549_0.jpg,0
005072_0.jpg,0
015829_0.jpg,1
010824_0.jpg,0
029879_0.jpg,0
004202_0.jpg,0
002224_1.jpg,1
002260_0.jpg,0
005036_0.jpg,0
029160_0.jpg,0
025950_1.jpg,1
014342_0.jpg,0
016964_1.jpg,1
008415_0.jpg,0
000413_0.jpg,0
007569_1.jpg,1
012112_1.jpg,1
003439_1.jpg,1
004891_1.jpg,1
013029_0.jpg,0
001411_0.jpg,0
006029_0.jpg,0
007975_0.jpg,0
024722_1.jpg,1
000331_0.jpg,0
021702_1.jpg,1
021549_1.jpg,1
002759_1.jpg,1
023980_0.jpg,0
025339_1.jpg,1
023823_1.jpg,1
014324_1.jpg,1
005398_1.jpg,1
003874_1.jpg,1
015343_1.jpg,1
002190_1.jpg,1
013004_0.jpg,0
015825_1.jpg,1
028841_1.jpg,1
001872_1.jpg,1
023719_1.jpg,1
024999_1.jpg,1
024940_1.jpg,1
023771_0.jpg,0
007471_1.jpg,1
009282_0.jpg,0
025096_0.jpg,0
009196_0.jpg,0
014462_1.jpg,1
014905_1.jpg,1
026587_0.jpg,0
017648_0.jpg,0
024643_0.jpg,0
010011_1.jpg,1
012667_1.jpg,1
029067_1.jpg,1
006315_0.jpg,0
001126_0.jpg,0
008992_1.jpg,1
021441_0.jpg,0
007226_1.jpg,1
014884_1.jpg,1
024686_1.jpg,1
013462_0.jpg,0
000255_1.jpg,1
000450_0.jpg,0
025862_0.jpg,0
007140_0.jpg,0
017437_0.jpg,0
015143_0.jpg,0
019789_1.jpg,1
002228_1.jpg,1
016888_1.jpg,1
007039_1.jpg,1
018226_0.jpg,0
009681_0.jpg,0
028268_0.jpg,0
008462_1.jpg,1
026467_0.jpg,0
022793_1.jpg,1
026888_1.jpg,1
027217_1.jpg,0
030186_1.jpg,1
023892_1.jpg,1
023502_1.jpg,1
001413_0.jpg,0
014274_0.jpg,0
016175_1.jpg,1
021192_0.jpg,0
005620_1.jpg,1
024806_1.jpg,1
028778_1.jpg,1
022553_1.jpg,1
021395_1.jpg,1
013755_1.jpg,1
009320_0.jpg,0
025958_0.jpg,0
004760_1.jpg,1
022531_1.jpg,1
017082_1.jpg,1
011831_0.jpg,0
029954_0.jpg,0
030289_1.jpg,1
001118_0.jpg,0
029475_0.jpg,0
021654_1.jpg,1
006640_0.jpg,0
022143_0.jpg,0
028845_0.jpg,0
008209_1.jpg,1
002590_1.jpg,1
011474_0.jpg,0
030022_1.jpg,1
006849_1.jpg,1
009246_1.jpg,1
015021_0.jpg,0
005859_0.jpg,0
002459_0.jpg,0
023868_0.jpg,0
019842_0.jpg,0
025941_1.jpg,1
019643_1.jpg,1
026770_1.jpg,1
028572_0.jpg,0
029029_0.jpg,0
029500_0.jpg,0
011306_0.jpg,0
005362_0.jpg,0
025425_0.jpg,0
013666_1.jpg,1
024339_1.jpg,1
009261_0.jpg,0
016773_0.jpg,0
000615_1.jpg,1
025762_0.jpg,0
025233_0.jpg,0
016111_1.jpg,1
012618_1.jpg,1
016440_1.jpg,1
006649_0.jpg,0
002384_0.jpg,0
025255_1.jpg,1
020395_0.jpg,0
024343_0.jpg,0
007731_1.jpg,1
030035_0.jpg,0
006009_0.jpg,0
002204_1.jpg,1
003194_0.jpg,0
017138_1.jpg,1
021479_1.jpg,1
009874_0.jpg,0
021164_1.jpg,1
024866_1.jpg,1
019268_0.jpg,1
007176_1.jpg,1
023765_1.jpg,0
016486_0.jpg,0
024474_0.jpg,0
009281_0.jpg,0
024204_0.jpg,0
013865_0.jpg,0
010420_0.jpg,0
024934_1.jpg,1
001088_1.jpg,1
020876_1.jpg,1
015691_0.jpg,0
020221_0.jpg,0
026103_1.jpg,1
027185_1.jpg,1
012443_1.jpg,1
023070_1.jpg,1
017315_0.jpg,0
000914_1.jpg,1
026963_1.jpg,1
007550_0.jpg,0
001249_1.jpg,1
015364_0.jpg,0
005462_1.jpg,1
023221_0.jpg,0
008600_1.jpg,1
010164_1.jpg,1
009479_0.jpg,0
012031_0.jpg,0
008932_1.jpg,1
017777_0.jpg,0
022185_1.jpg,1
010596_1.jpg,1
012764_0.jpg,0
015738_1.jpg,1
009409_0.jpg,0
002533_0.jpg,0
001043_0.jpg,0
015195_1.jpg,1
001263_0.jpg,0
012488_0.jpg,0
021035_1.jpg,1
015896_1.jpg,1
016878_0.jpg,0
003039_1.jpg,1
014128_0.jpg,0
018342_1.jpg,0
019435_1.jpg,1
029486_0.jpg,0
004395_0.jpg,0
012591_0.jpg,0
029270_1.jpg,1
000608_1.jpg,1
009541_1.jpg,1
026802_1.jpg,1
023280_0.jpg,0
005640_1.jpg,1
002277_0.jpg,0
009822_0.jpg,0
014329_1.jpg,1
017731_0.jpg,0
004938_1.jpg,1
019488_0.jpg,0
017366_1.jpg,1
018605_0.jpg,0
025858_0.jpg,0
008892_0.jpg,0
020488_1.jpg,1
004170_1.jpg,1
016420_1.jpg,1
010670_1.jpg,1
029016_0.jpg,0
007963_0.jpg,0
001599_1.jpg,1
017222_1.jpg,1
024133_0.jpg,0
020416_1.jpg,1
028035_0.jpg,0
029150_1.jpg,1
005551_0.jpg,0
011657_1.jpg,1
018808_1.jpg,1
017807_1.jpg,1
024879_1.jpg,1
029164_0.jpg,0
011944_0.jpg,0
016654_1.jpg,1
007397_0.jpg,1
007443_0.jpg,0
022815_1.jpg,1
022263_1.jpg,1
011798_1.jpg,1
017009_1.jpg,1
016618_1.jpg,1
027450_0.jpg,0
010904_0.jpg,0
017024_0.jpg,0
021918_0.jpg,0
020244_1.jpg,1
017305_0.jpg,0
023108_1.jpg,1
027603_1.jpg,0
008230_1.jpg,1
022183_0.jpg,0
009621_1.jpg,1
015649_1.jpg,1
025323_0.jpg,0
019668_1.jpg,1
013066_1.jpg,1
008309_0.jpg,0
009373_1.jpg,1
009596_1.jpg,1
028161_1.jpg,1
000330_0.jpg,0
017546_0.jpg,0
021781_1.jpg,1
004004_1.jpg,1
015762_0.jpg,0
020751_0.jpg,0
002690_1.jpg,1
018794_1.jpg,1
018083_1.jpg,1
001724_0.jpg,0
012465_1.jpg,1
007950_0.jpg,0
002809_0.jpg,0
016490_0.jpg,0
016201_0.jpg,0
005906_1.jpg,1
001382_1.jpg,1
016209_0.jpg,0
029797_0.jpg,0
005791_1.jpg,1
019346_1.jpg,1
012473_0.jpg,0
006274_0.jpg,0
003928_0.jpg,0
006819_1.jpg,1
018207_1.jpg,1
011783_1.jpg,1
002667_1.jpg,1
006857_0.jpg,0
024836_0.jpg,0
002828_0.jpg,0
002558_1.jpg,1
019193_1.jpg,1
006303_1.jpg,1
008276_1.jpg,1
013540_0.jpg,0
029176_0.jpg,0
020799_1.jpg,1
020707_1.jpg,1
024622_0.jpg,0
021411_0.jpg,0
006273_0.jpg,0
016848_0.jpg,0
028187_0.jpg,0
017129_0.jpg,0
011827_0.jpg,0
022431_1.jpg,1
006912_0.jpg,0
019408_1.jpg,1
009034_0.jpg,0
002964_0.jpg,0
016534_0.jpg,0
023501_1.jpg,1
022105_1.jpg,1
007228_1.jpg,1
008287_1.jpg,1
005958_1.jpg,1
002495_0.jpg,0
011862_1.jpg,1
014040_0.jpg,0
016179_1.jpg,1
002128_0.jpg,0
029830_1.jpg,1
026245_1.jpg,1
001252_1.jpg,1
026922_1.jpg,1
022191_0.jpg,0
009221_0.jpg,1
029268_0.jpg,0
017493_0.jpg,0
018792_1.jpg,1
010439_0.jpg,0
010617_0.jpg,0
024294_0.jpg,0
027944_0.jpg,0
003897_1.jpg,1
000665_0.jpg,0
000143_1.jpg,1
022450_1.jpg,1
016196_0.jpg,0
026942_1.jpg,1
009335_1.jpg,1
028442_1.jpg,1
005703_0.jpg,0
025928_0.jpg,0
025036_1.jpg,1
004719_0.jpg,0
006883_0.jpg,0
005432_0.jpg,0
014951_1.jpg,1
021959_1.jpg,1
007165_1.jpg,1
009171_1.jpg,1
021216_0.jpg,0
027770_1.jpg,1
014103_0.jpg,0
012142_1.jpg,1
007667_1.jpg,1
003102_1.jpg,1
015341_1.jpg,1
011212_0.jpg,0
000306_1.jpg,1
015734_0.jpg,0
012610_0.jpg,0
018831_1.jpg,1
000586_0.jpg,0
012248_1.jpg,1
029324_1.jpg,1
002493_0.jpg,0
008398_0.jpg,0
013545_0.jpg,0
010709_0.jpg,1
020369_0.jpg,0
018062_1.jpg,1
028613_0.jpg,0
007322_0.jpg,0
021573_1.jpg,1
020822_0.jpg,0
025088_1.jpg,1
022961_1.jpg,1
015745_0.jpg,0
009054_1.jpg,1
015955_1.jpg,1
021223_0.jpg,0
011480_0.jpg,0
009583_1.jpg,1
002012_1.jpg,1
009227_0.jpg,0
012143_1.jpg,1
005880_0.jpg,0
002899_1.jpg,1
016628_0.jpg,0
010244_1.jpg,1
024918_0.jpg,0
012559_1.jpg,1
003806_0.jpg,0
010929_1.jpg,1
030307_0.jpg,0
020256_0.jpg,0
016877_1.jpg,1
011630_0.jpg,0
002794_1.jpg,1
026034_0.jpg,0
019051_0.jpg,0
014322_1.jpg,1
013197_0.jpg,0
002023_1.jpg,1
012512_0.jpg,0
020381_1.jpg,1
025028_1.jpg,1
008321_1.jpg,1
014637_0.jpg,0
021249_0.jpg,0
029353_0.jpg,0
002642_1.jpg,1
016658_1.jpg,1
019562_0.jpg,0
003259_0.jpg,0
010343_1.jpg,1
022997_1.jpg,1
003170_0.jpg,0
018132_0.jpg,0
012428_0.jpg,0
004460_0.jpg,0
021233_0.jpg,0
001583_0.jpg,0
023429_1.jpg,1
010389_0.jpg,0
011342_1.jpg,1
005869_0.jpg,0
012736_0.jpg,0
023562_1.jpg,1
024618_1.jpg,1
010512_0.jpg,0
001194_1.jpg,1
022196_1.jpg,1
002689_1.jpg,1
028810_1.jpg,1
020704_0.jpg,0
015512_1.jpg,1
020459_0.jpg,1
004784_1.jpg,1
030180_0.jpg,0
024825_0.jpg,0
008452_1.jpg,0
016727_0.jpg,0
015625_1.jpg,1
026872_0.jpg,1
017614_1.jpg,1
029057_1.jpg,1
017133_1.jpg,1
017609_1.jpg,1
022392_1.jpg,1
020740_1.jpg,1
005680_1.jpg,1
018265_1.jpg,1
008579_0.jpg,0
021828_1.jpg,1
013746_0.jpg,0
000368_0.jpg,0
009344_0.jpg,0
020074_0.jpg,0
007938_0.jpg,0
011153_1.jpg,1
024794_1.jpg,1
008341_1.jpg,1
027390_0.jpg,0
019876_0.jpg,0
002223_1.jpg,1
024728_1.jpg,1
015536_0.jpg,0
025394_0.jpg,1
006843_0.jpg,0
021963_1.jpg,1
025765_1.jpg,1
019555_1.jpg,1
006324_0.jpg,0
014511_0.jpg,0
015105_0.jpg,0
010909_1.jpg,1
002720_0.jpg,0
012489_1.jpg,1
004078_1.jpg,1
005777_1.jpg,1
027583_0.jpg,0
002068_0.jpg,0
019509_1.jpg,1
023239_1.jpg,1
017149_1.jpg,1
003340_1.jpg,1
029615_0.jpg,0
005214_1.jpg,1
002617_0.jpg,0
017535_0.jpg,0
012072_1.jpg,1
027326_1.jpg,1
026259_1.jpg,1
017917_0.jpg,0
026729_0.jpg,0
017225_1.jpg,1
009172_1.jpg,1
017933_1.jpg,1
027530_0.jpg,0
008611_1.jpg,1
004683_0.jpg,0
017997_1.jpg,1
025374_0.jpg,0
000133_1.jpg,1
014548_0.jpg,0
008792_0.jpg,0
020024_1.jpg,1
029856_0.jpg,0
013440_1.jpg,1
002698_1.jpg,1
007655_0.jpg,0
026527_1.jpg,1
003040_1.jpg,1
015588_0.jpg,0
006024_1.jpg,1
016232_1.jpg,1
027500_0.jpg,0
025285_0.jpg,0
007488_1.jpg,1
011174_1.jpg,1
019217_1.jpg,1
004625_1.jpg,1
027186_0.jpg,0
013492_0.jpg,0
026762_1.jpg,1
004234_0.jpg,0
027926_0.jpg,0
025533_1.jpg,1
002552_1.jpg,1
027635_1.jpg,1
006137_1.jpg,1
029299_0.jpg,0
012688_1.jpg,1
003486_0.jpg,0
019538_0.jpg,0
020494_0.jpg,0
013742_0.jpg,0
020266_0.jpg,1
021142_1.jpg,1
026836_0.jpg,0
003181_1.jpg,1
011421_1.jpg,1
016317_0.jpg,0
030047_1.jpg,1
030308_0.jpg,0
004062_1.jpg,1
017679_0.jpg,0
016213_1.jpg,1
021219_0.jpg,0
028618_0.jpg,0
023467_0.jpg,0
013605_0.jpg,0
011988_1.jpg,1
020847_1.jpg,1
009968_1.jpg,1
005262_0.jpg,0
013593_1.jpg,1
001539_1.jpg,1
023718_1.jpg,1
027432_1.jpg,1
016096_0.jpg,0
019340_0.jpg,0
024911_1.jpg,1
016619_1.jpg,1
015466_1.jpg,1
007014_1.jpg,1
017511_1.jpg,1
003754_0.jpg,0
001825_0.jpg,0
008616_1.jpg,1
029111_0.jpg,0
018926_1.jpg,1
025042_0.jpg,0
007509_1.jpg,1
017130_1.jpg,1
027840_0.jpg,0
022172_0.jpg,1
022825_1.jpg,1
021470_0.jpg,0
028596_1.jpg,1
000523_1.jpg,1
012361_0.jpg,0
003676_1.jpg,1
005907_0.jpg,0
015401_1.jpg,1
027041_1.jpg,1
008621_0.jpg,0
019069_1.jpg,1
023441_1.jpg,1
026688_1.jpg,1
025717_1.jpg,1
004652_1.jpg,1
021698_1.jpg,1
024348_0.jpg,0
007260_0.jpg,0
015780_1.jpg,1
005476_1.jpg,1
029820_1.jpg,1
027444_0.jpg,0
001147_0.jpg,0
024993_0.jpg,0
006008_0.jpg,0
012004_0.jpg,0
020519_0.jpg,0
011670_1.jpg,1
002679_0.jpg,0
009688_1.jpg,1
016309_0.jpg,0
016074_0.jpg,0
008652_1.jpg,1
007590_1.jpg,0
012048_1.jpg,1
013131_1.jpg,1
022321_1.jpg,1
012204_1.jpg,1
012529_0.jpg,0
010142_1.jpg,1
026296_0.jpg,0
012322_1.jpg,1
025502_1.jpg,1
003574_1.jpg,1
002730_1.jpg,1
016635_1.jpg,1
009459_0.jpg,0
020620_1.jpg,1
022831_1.jpg,1
004740_0.jpg,0
007727_1.jpg,1
013375_1.jpg,1
027154_0.jpg,0
005602_1.jpg,0
013839_1.jpg,1
020582_1.jpg,1
027477_0.jpg,0
011834_0.jpg,0
013278_0.jpg,0
002021_1.jpg,1
000871_1.jpg,1
001729_1.jpg,1
002445_1.jpg,1
001396_1.jpg,1
011327_0.jpg,0
013519_1.jpg,1
025621_1.jpg,1
013809_1.jpg,1
020928_0.jpg,0
002471_0.jpg,0
029852_0.jpg,0
019216_0.jpg,0
000855_0.jpg,0
023012_0.jpg,0
005756_0.jpg,0
010307_0.jpg,0
025549_0.jpg,0
006269_1.jpg,1
011613_0.jpg,0
016242_0.jpg,0
010563_1.jpg,1
030122_1.jpg,1
027264_0.jpg,0
002337_1.jpg,1
019158_1.jpg,1
011277_0.jpg,0
002094_1.jpg,1
007333_0.jpg,0
010749_1.jpg,1
025905_1.jpg,1
020385_0.jpg,0
023901_0.jpg,0
001338_0.jpg,1
005928_0.jpg,0
024113_1.jpg,0
008903_1.jpg,1
014875_0.jpg,1
016571_0.jpg,0
005021_1.jpg,1
005486_1.jpg,0
004807_1.jpg,1
017406_1.jpg,1
026897_0.jpg,0
020685_1.jpg,1
012656_0.jpg,0
021863_1.jpg,1
024331_1.jpg,1
022470_0.jpg,0
000709_0.jpg,0
027143_0.jpg,0
003818_1.jpg,1
013055_0.jpg,0
026410_0.jpg,0
012904_1.jpg,1
001020_1.jpg,1
001320_0.jpg,0
022510_0.jpg,0
028273_1.jpg,1
019326_1.jpg,1
008357_1.jpg,1
013068_1.jpg,1
007095_1.jpg,1
030070_1.jpg,1
000697_1.jpg,1
029569_1.jpg,1
028775_0.jpg,0
018818_1.jpg,1
024667_0.jpg,0
013421_0.jpg,0
013156_1.jpg,0
002113_1.jpg,1
015861_0.jpg,0
004842_1.jpg,1
000844_0.jpg,0
028549_1.jpg,1
027845_1.jpg,1
010131_0.jpg,0
026522_0.jpg,0
019059_1.jpg,1
028412_1.jpg,1
021280_1.jpg,1
010752_0.jpg,0
002448_1.jpg,1
013236_0.jpg,0
004512_1.jpg,1
024908_1.jpg,1
005857_1.jpg,1
007349_1.jpg,1
007308_1.jpg,1
018029_1.jpg,1
004721_0.jpg,0
005326_1.jpg,1
009977_1.jpg,1
004366_1.jpg,1
025881_1.jpg,1
001746_0.jpg,0
021717_1.jpg,1
010496_1.jpg,1
008599_1.jpg,1
005068_0.jpg,0
027892_1.jpg,1
029788_1.jpg,1
016001_1.jpg,1
025701_1.jpg,1
004942_1.jpg,1
001568_1.jpg,1
012733_0.jpg,0
013479_1.jpg,1
024186_1.jpg,0
027386_0.jpg,0
026728_0.jpg,0
001575_1.jpg,1
005489_0.jpg,0
002854_0.jpg,0
027924_0.jpg,0
003414_1.jpg,1
004883_1.jpg,1
007966_1.jpg,1
015616_1.jpg,1
005367_0.jpg,0
004456_0.jpg,0
027568_0.jpg,0
002728_0.jpg,0
008705_1.jpg,1
007954_1.jpg,1
024801_1.jpg,1
013459_1.jpg,1
019109_1.jpg,1
006590_0.jpg,0
017690_1.jpg,1
005925_0.jpg,0
016511_0.jpg,0
025977_0.jpg,0
004121_0.jpg,0
015774_1.jpg,1
000777_0.jpg,0
002713_0.jpg,0
006746_0.jpg,0
000939_1.jpg,1
002409_1.jpg,1
026235_1.jpg,1
022818_1.jpg,1
022322_1.jpg,1
002697_0.jpg,0
020069_1.jpg,1
007070_1.jpg,1
011564_0.jpg,0
025719_0.jpg,0
000304_0.jpg,0
001703_1.jpg,1
010144_1.jpg,1
019730_1.jpg,1
001471_0.jpg,0
019963_0.jpg,0
014732_1.jpg,1
022103_0.jpg,0
007562_0.jpg,0
003524_0.jpg,0
002630_0.jpg,0
029024_1.jpg,1
027359_1.jpg,1
018642_0.jpg,0
002053_0.jpg,0
008833_1.jpg,0
000022_1.jpg,1
009169_1.jpg,1
024639_0.jpg,0
021072_0.jpg,0
011074_1.jpg,0
007662_1.jpg,1
004668_0.jpg,0
020238_1.jpg,1
027140_0.jpg,0
016752_0.jpg,0
024768_1.jpg,1
009345_1.jpg,1
008274_1.jpg,1
005990_0.jpg,0
020293_0.jpg,0
004065_0.jpg,0
001512_1.jpg,1
027308_0.jpg,0
009214_0.jpg,0
007352_1.jpg,1
019910_0.jpg,0
025495_0.jpg,0
023342_1.jpg,1
029048_0.jpg,0
029516_0.jpg,0
002048_0.jpg,0
003794_1.jpg,1
019147_1.jpg,1
011780_0.jpg,0
002743_1.jpg,1
008656_1.jpg,0
009152_0.jpg,0
017368_1.jpg,1
016174_1.jpg,1
011478_0.jpg,0
023762_1.jpg,1
004607_1.jpg,1
004083_1.jpg,1
028477_1.jpg,1
028540_0.jpg,0
010727_0.jpg,0
009609_0.jpg,0
025135_0.jpg,0
009951_1.jpg,0
002297_1.jpg,1
017949_1.jpg,1
026292_0.jpg,0
013854_1.jpg,1
018948_1.jpg,1
010154_1.jpg,1
010196_1.jpg,1
016340_0.jpg,0
000158_0.jpg,0
006862_1.jpg,1
028413_1.jpg,1
027270_0.jpg,0
009562_1.jpg,1
023168_0.jpg,0
018280_1.jpg,1
013724_0.jpg,0
000886_0.jpg,0
017328_0.jpg,0
004013_1.jpg,1
029197_1.jpg,1
025517_0.jpg,0
006410_1.jpg,1
019067_1.jpg,1
020174_1.jpg,1
021584_1.jpg,1
023151_0.jpg,0
029203_1.jpg,1
028491_0.jpg,0
017632_0.jpg,0
017943_0.jpg,0
025454_0.jpg,0
027904_0.jpg,0
019257_1.jpg,1
015211_1.jpg,1
005612_0.jpg,0
014958_1.jpg,1
025854_1.jpg,1
025448_0.jpg,0
014777_1.jpg,1
017737_1.jpg,1
012573_0.jpg,0
008729_1.jpg,1
029458_0.jpg,0
015564_1.jpg,1
016046_1.jpg,1
011219_1.jpg,1
015980_0.jpg,0
020283_0.jpg,0
025687_0.jpg,0
018311_1.jpg,1
030367_1.jpg,1
029936_0.jpg,0
009865_0.jpg,0
017520_0.jpg,0
024464_1.jpg,1
023157_0.jpg,0
020013_0.jpg,0
005618_1.jpg,1
024144_0.jpg,0
008131_1.jpg,0
018529_1.jpg,1
025109_0.jpg,0
001117_1.jpg,1
025650_0.jpg,0
001544_1.jpg,1
018020_1.jpg,1
011383_0.jpg,0
013297_0.jpg,0
026569_0.jpg,0
024924_1.jpg,1
013247_1.jpg,1
003512_0.jpg,0
026860_0.jpg,0
028402_0.jpg,0
021678_1.jpg,1
024494_1.jpg,1
007513_1.jpg,1
016897_1.jpg,1
028874_1.jpg,1
011625_0.jpg,0
014577_1.jpg,1
011200_1.jpg,1
002933_0.jpg,0
023658_1.jpg,1
025410_1.jpg,1
002496_1.jpg,1
023138_1.jpg,1
007536_1.jpg,1
010581_1.jpg,1
020659_1.jpg,1
016952_0.jpg,0
026885_0.jpg,0
010605_0.jpg,0
020201_1.jpg,1
018883_1.jpg,1
028774_1.jpg,1
027921_0.jpg,0
003336_0.jpg,0
014374_1.jpg,1
010442_0.jpg,0
003850_0.jpg,0
015446_1.jpg,1
024641_1.jpg,1
002814_0.jpg,0
029588_1.jpg,1
007927_1.jpg,1
023513_0.jpg,0
009238_0.jpg,0
000854_0.jpg,0
022695_1.jpg,1
013964_1.jpg,1
003379_1.jpg,1
006845_1.jpg,1
026157_1.jpg,1
014104_0.jpg,0
004288_0.jpg,0
002367_1.jpg,1
027244_1.jpg,1
020469_0.jpg,0
019236_0.jpg,0
028171_1.jpg,1
021286_0.jpg,0
019714_1.jpg,1
019057_1.jpg,1
020335_1.jpg,1
008447_0.jpg,0
018429_1.jpg,1
021778_0.jpg,0
026367_1.jpg,1
026329_0.jpg,0
001701_1.jpg,1
025597_0.jpg,0
004919_1.jpg,1
001324_1.jpg,1
015244_1.jpg,1
022152_0.jpg,0
020853_1.jpg,1
027408_0.jpg,0
019634_0.jpg,0
007660_1.jpg,1
003008_0.jpg,0
012522_1.jpg,1
028809_1.jpg,1
009440_0.jpg,0
009124_1.jpg,1
029405_1.jpg,1
028222_0.jpg,0
026038_0.jpg,0
005792_1.jpg,1
015729_1.jpg,1
013586_0.jpg,0
017071_0.jpg,0
026252_1.jpg,1
002666_1.jpg,1
027572_1.jpg,1
007456_0.jpg,0
002389_1.jpg,1
028619_0.jpg,0
030013_1.jpg,1
025773_1.jpg,1
012212_0.jpg,0
000864_0.jpg,0
026784_0.jpg,0
009534_1.jpg,1
009631_1.jpg,1
025335_0.jpg,0
016543_1.jpg,1
011639_0.jpg,0
007055_0.jpg,0
017702_1.jpg,1
002059_0.jpg,0
011285_1.jpg,1
014873_0.jpg,0
014605_0.jpg,0
026714_0.jpg,0
000550_1.jpg,1
021112_1.jpg,1
015576_0.jpg,0
009652_0.jpg,0
007659_0.jpg,0
006761_0.jpg,0
029121_1.jpg,1
027660_1.jpg,1
001855_1.jpg,1
027683_0.jpg,0
025951_1.jpg,1
020757_0.jpg,0
009134_0.jpg,0
013377_1.jpg,1
023702_0.jpg,0
017575_0.jpg,0
010602_1.jpg,1
006046_0.jpg,0
023439_1.jpg,1
002940_1.jpg,1
007709_0.jpg,0
003141_0.jpg,0
001909_1.jpg,1
025829_0.jpg,0
013705_1.jpg,1
029375_0.jpg,0
028192_0.jpg,0
011603_1.jpg,1
000659_1.jpg,1
015965_1.jpg,1
014739_1.jpg,1
030368_1.jpg,1
009958_1.jpg,1
013954_1.jpg,1
029655_1.jpg,1
024605_0.jpg,0
016859_1.jpg,0
023373_0.jpg,0
021818_1.jpg,1
014933_1.jpg,1
012944_0.jpg,0
014674_1.jpg,1
010570_1.jpg,1
011051_1.jpg,1
008869_1.jpg,1
020040_0.jpg,0
019241_1.jpg,0
005574_1.jpg,1
029366_0.jpg,0
002870_1.jpg,1
012982_1.jpg,1
002660_0.jpg,0
021883_1.jpg,1
024230_1.jpg,1
006455_0.jpg,0
024607_1.jpg,1
008937_1.jpg,1
015270_0.jpg,0
009116_0.jpg,0
009952_0.jpg,0
001391_0.jpg,0
015959_1.jpg,1
015621_1.jpg,1
024330_0.jpg,0
026299_1.jpg,1
005644_1.jpg,1
003241_1.jpg,1
022532_1.jpg,1
000756_1.jpg,1
005692_0.jpg,0
012208_0.jpg,0
013424_0.jpg,0
022166_1.jpg,1
011799_0.jpg,0
028015_1.jpg,1
014441_1.jpg,1
022204_0.jpg,0
017446_0.jpg,0
022037_1.jpg,1
010290_1.jpg,1
023507_0.jpg,0
000346_1.jpg,1
008070_1.jpg,1
027494_1.jpg,1
012623_0.jpg,0
007902_1.jpg,1
001123_0.jpg,0
009660_0.jpg,0
004248_0.jpg,0
012999_0.jpg,0
024098_1.jpg,1
004390_0.jpg,0
013112_1.jpg,1
028661_0.jpg,0
021091_0.jpg,0
020971_0.jpg,0
023267_1.jpg,1
013547_0.jpg,0
010770_1.jpg,1
002368_1.jpg,1
009834_0.jpg,0
021987_1.jpg,1
010046_1.jpg,1
023568_1.jpg,1
012766_0.jpg,0
021090_1.jpg,1
019112_1.jpg,1
008322_0.jpg,0
002856_0.jpg,0
025113_1.jpg,1
009570_0.jpg,0
026586_0.jpg,0
018803_1.jpg,1
008846_0.jpg,0
018304_1.jpg,1
008775_0.jpg,0
025086_0.jpg,0
027247_0.jpg,0
018742_0.jpg,0
023309_1.jpg,1
020732_1.jpg,1
012976_1.jpg,1
007259_0.jpg,0
022014_0.jpg,0
001806_1.jpg,1
022111_0.jpg,0
016867_1.jpg,1
014970_0.jpg,0
016764_1.jpg,1
024997_0.jpg,0
026746_1.jpg,1
003839_1.jpg,1
009900_1.jpg,1
007080_0.jpg,0
017131_1.jpg,1
029952_1.jpg,1
022636_1.jpg,1
007146_1.jpg,1
004774_1.jpg,1
027727_1.jpg,1
028118_1.jpg,0
014551_1.jpg,1
015865_0.jpg,0
027751_1.jpg,1
015604_1.jpg,1
006389_0.jpg,0
026946_0.jpg,0
014252_1.jpg,1
011218_1.jpg,1
008112_1.jpg,1
013572_1.jpg,1
021870_0.jpg,0
024617_0.jpg,0
007892_0.jpg,0
025632_0.jpg,0
008523_1.jpg,1
004678_0.jpg,0
023184_1.jpg,0
024985_0.jpg,0
010427_1.jpg,1
017555_0.jpg,0
029278_1.jpg,1
025596_0.jpg,0
024815_1.jpg,1
012078_1.jpg,1
020418_0.jpg,0
028977_1.jpg,1
016438_1.jpg,1
009236_0.jpg,0
010306_1.jpg,1
000259_0.jpg,0
023778_1.jpg,1
023246_1.jpg,1
007037_0.jpg,0
014628_1.jpg,1
000883_0.jpg,0
006744_0.jpg,0
004999_0.jpg,0
026912_0.jpg,0
019812_1.jpg,0
020345_0.jpg,0
029547_1.jpg,1
027136_0.jpg,0
023408_0.jpg,0
017594_1.jpg,1
023806_1.jpg,1
013691_1.jpg,1
027525_1.jpg,1
018051_0.jpg,0
003212_1.jpg,1
013961_0.jpg,0
015677_0.jpg,0
006787_1.jpg,1
007020_1.jpg,1
023292_1.jpg,1
007595_0.jpg,0
027351_1.jpg,1
006081_0.jpg,0
017610_0.jpg,0
015798_1.jpg,1
010402_1.jpg,1
012419_0.jpg,0
004538_1.jpg,1
000423_1.jpg,1
003081_0.jpg,0
005939_1.jpg,1
025221_0.jpg,0
021640_0.jpg,0
019416_0.jpg,0
006749_0.jpg,0
004551_1.jpg,1
012773_1.jpg,1
004522_0.jpg,0
030156_0.jpg,0
021185_1.jpg,1
008597_1.jpg,1
023758_1.jpg,1
017226_1.jpg,1
003733_0.jpg,0
009723_1.jpg,1
002138_1.jpg,1
004164_0.jpg,0
027421_1.jpg,1
025039_1.jpg,1
007798_1.jpg,1
024750_0.jpg,0
008808_0.jpg,0
020625_0.jpg,0
009068_1.jpg,1
028364_1.jpg,1
019224_0.jpg,0
009104_0.jpg,0
012156_0.jpg,0
004700_1.jpg,1
029182_1.jpg,1
007633_1.jpg,1
023726_0.jpg,0
021267_0.jpg,0
023352_0.jpg,0
001432_0.jpg,0
002090_0.jpg,0
017567_1.jpg,1
012026_1.jpg,1
021269_1.jpg,1
012945_1.jpg,1
010884_1.jpg,1
022046_1.jpg,1
018001_1.jpg,1
009224_1.jpg,1
022643_0.jpg,0
028554_1.jpg,0
030155_0.jpg,0
010701_0.jpg,0
029746_0.jpg,0
004356_0.jpg,0
006551_1.jpg,1
000868_1.jpg,1
018332_0.jpg,0
010533_0.jpg,0
029949_1.jpg,1
029607_0.jpg,0
008929_0.jpg,0
001078_1.jpg,1
003165_0.jpg,0
001684_1.jpg,1
003730_0.jpg,0
029199_1.jpg,1
024225_1.jpg,1
002265_1.jpg,1
026439_1.jpg,1
002779_1.jpg,1
000953_0.jpg,0
021562_1.jpg,1
021256_0.jpg,0
003820_1.jpg,1
004246_0.jpg,0
024303_1.jpg,1
013422_0.jpg,0
021348_0.jpg,0
024158_1.jpg,1
019716_1.jpg,1
024104_0.jpg,0
009028_1.jpg,1
017052_0.jpg,0
019177_0.jpg,0
010295_1.jpg,1
022515_0.jpg,0
026680_1.jpg,1
014363_1.jpg,1
009346_0.jpg,0
007572_1.jpg,1
020683_1.jpg,1
012951_0.jpg,1
019649_1.jpg,1
006546_1.jpg,1
019747_1.jpg,1
016060_0.jpg,0
029039_1.jpg,1
024496_1.jpg,1
009357_0.jpg,0
000898_0.jpg,0
011472_1.jpg,1
008442_1.jpg,1
007368_0.jpg,0
004148_1.jpg,1
016282_0.jpg,1
011476_1.jpg,1
030147_1.jpg,1
026322_1.jpg,1
015927_0.jpg,0
006563_0.jpg,0
022533_0.jpg,0
026110_0.jpg,1
018699_1.jpg,1
015811_1.jpg,1
000507_1.jpg,1
004685_1.jpg,1
000771_0.jpg,0
009343_0.jpg,0
024528_0.jpg,0
021420_0.jpg,0
002835_1.jpg,1
012265_1.jpg,1
026941_1.jpg,1
021978_1.jpg,1
014493_0.jpg,0
016308_0.jpg,0
028654_0.jpg,0
011475_1.jpg,1
021504_1.jpg,1
016416_1.jpg,0
015833_0.jpg,0
014621_1.jpg,1
022980_1.jpg,1
019097_0.jpg,0
029107_0.jpg,1
029733_0.jpg,0
016319_0.jpg,0
002392_0.jpg,0
020599_0.jpg,0
019082_0.jpg,0
023355_1.jpg,1
002046_0.jpg,0
007764_0.jpg,0
014477_1.jpg,1
008536_1.jpg,1
030235_1.jpg,1
018468_0.jpg,0
006095_1.jpg,1
014735_0.jpg,0
025371_1.jpg,1
017544_0.jpg,0
005310_1.jpg,1
016217_0.jpg,0
006462_1.jpg,1
006352_0.jpg,0
004359_0.jpg,0
016712_1.jpg,1
011255_1.jpg,1
025963_1.jpg,1
027638_1.jpg,1
027737_1.jpg,0
006518_1.jpg,1
015262_1.jpg,1
018200_1.jpg,1
005718_1.jpg,0
008650_0.jpg,0
005226_0.jpg,0
016590_0.jpg,0
028600_1.jpg,1
014578_1.jpg,1
029702_1.jpg,1
019665_1.jpg,1
013600_1.jpg,1
001100_0.jpg,0
017185_1.jpg,1
025510_0.jpg,0
004710_0.jpg,1
025243_0.jpg,0
010855_0.jpg,0
009566_1.jpg,1
017623_1.jpg,1
005275_0.jpg,0
005923_1.jpg,1
016667_0.jpg,0
020892_0.jpg,0
024396_0.jpg,0
004658_1.jpg,1
029970_0.jpg,0
000750_0.jpg,0
007880_1.jpg,1
002953_1.jpg,1
023888_1.jpg,1
019518_0.jpg,1
023704_1.jpg,1
000767_0.jpg,0
015108_1.jpg,1
028603_0.jpg,0
022045_1.jpg,1
022722_0.jpg,0
005196_0.jpg,0
003285_1.jpg,1
028957_1.jpg,1
026743_0.jpg,0
011445_0.jpg,0
017346_1.jpg,1
011267_1.jpg,1
019507_1.jpg,1
010716_1.jpg,1
022335_0.jpg,0
027742_0.jpg,0
005846_1.jpg,1
003299_1.jpg,1
023412_0.jpg,0
003555_1.jpg,1
000199_1.jpg,1
026335_1.jpg,1
019235_0.jpg,0
016418_1.jpg,1
028915_0.jpg,0
016537_1.jpg,1
020744_1.jpg,1
021598_0.jpg,0
020531_0.jpg,0
015634_1.jpg,1
008281_0.jpg,0
021519_1.jpg,1
014036_1.jpg,1
019160_0.jpg,0
015277_0.jpg,0
007155_0.jpg,0
008522_1.jpg,1
008369_0.jpg,0
028529_1.jpg,1
030405_0.jpg,0
013566_1.jpg,1
019667_0.jpg,0
001397_0.jpg,0
027988_0.jpg,0
016685_0.jpg,0
020034_0.jpg,0
025801_1.jpg,1
008116_0.jpg,0
030218_0.jpg,0
013215_1.jpg,1
019099_0.jpg,0
020432_0.jpg,0
017694_0.jpg,0
004023_1.jpg,1
020261_1.jpg,1
017213_1.jpg,1
009630_1.jpg,1
016894_0.jpg,0
028849_0.jpg,0
022455_1.jpg,1
023665_1.jpg,1
005123_1.jpg,1
022047_0.jpg,0
024368_1.jpg,1
008567_0.jpg,0
025823_1.jpg,1
001679_0.jpg,0
008825_1.jpg,1
029109_1.jpg,1
002086_1.jpg,1
013323_1.jpg,1
027878_1.jpg,1
001642_0.jpg,0
022712_0.jpg,0
018267_0.jpg,0
021410_1.jpg,1
003399_1.jpg,1
014170_1.jpg,1
011367_1.jpg,1
002831_1.jpg,1
014533_0.jpg,0
014353_1.jpg,1
021858_1.jpg,1
014532_1.jpg,1
011586_0.jpg,0
000782_0.jpg,0
005851_1.jpg,1
029179_0.jpg,0
019728_1.jpg,1
029114_1.jpg,1
023440_1.jpg,1
001579_1.jpg,1
010853_1.jpg,1
015758_0.jpg,0
013225_0.jpg,0
004256_1.jpg,1
025449_0.jpg,0
021882_0.jpg,0
017829_1.jpg,1
001835_1.jpg,1
012863_0.jpg,0
018919_0.jpg,1
030032_0.jpg,0
003651_0.jpg,0
024439_0.jpg,0
010950_1.jpg,1
009535_1.jpg,1
011996_1.jpg,1
027451_0.jpg,0
004671_0.jpg,0
002800_0.jpg,0
015467_0.jpg,0
005337_1.jpg,1
028188_0.jpg,0
002361_0.jpg,0
000241_0.jpg,0
027277_0.jpg,0
025525_1.jpg,1
021842_0.jpg,0
003258_0.jpg,0
014973_1.jpg,1
001064_0.jpg,1
017510_1.jpg,1
016585_1.jpg,1
029388_1.jpg,1
024077_0.jpg,0
005099_0.jpg,0
004327_1.jpg,0
025090_1.jpg,1
025354_0.jpg,0
011204_0.jpg,1
019184_1.jpg,1
018583_0.jpg,0
026174_1.jpg,1
023454_1.jpg,1
021179_1.jpg,1
030283_1.jpg,1
020716_1.jpg,1
018423_0.jpg,0
023777_0.jpg,0
010531_1.jpg,1
009301_0.jpg,0
027678_1.jpg,1
015856_0.jpg,0
023051_1.jpg,1
019023_0.jpg,0
018453_1.jpg,1
018617_1.jpg,1
016295_1.jpg,1
009309_1.jpg,1
019847_1.jpg,1
012657_1.jpg,1
012699_0.jpg,0
009860_0.jpg,0
001438_0.jpg,0
014458_1.jpg,1
020641_0.jpg,0
026879_0.jpg,0
018975_1.jpg,1
026058_1.jpg,1
016306_0.jpg,0
000542_0.jpg,0
027072_0.jpg,0
024051_0.jpg,0
007939_1.jpg,1
030163_0.jpg,0
015599_1.jpg,1
019724_0.jpg,0
022682_0.jpg,0
013045_1.jpg,1
020592_0.jpg,0
024476_1.jpg,1
015761_1.jpg,1
026260_0.jpg,0
003619_0.jpg,0
017604_0.jpg,0
010081_1.jpg,1
002847_0.jpg,0
001934_1.jpg,1
021182_1.jpg,1
016144_1.jpg,1
004674_1.jpg,1
012439_0.jpg,0
010123_0.jpg,0
023689_1.jpg,1
001603_0.jpg,0
009624_0.jpg,0
012861_1.jpg,1
011856_1.jpg,1
003612_1.jpg,1
021977_0.jpg,0
001898_1.jpg,1
025736_0.jpg,0
020899_0.jpg,0
000392_1.jpg,1
020723_1.jpg,1
006796_0.jpg,0
014695_0.jpg,0
000393_1.jpg,1
016838_1.jpg,1
000775_1.jpg,1
023500_1.jpg,1
008859_1.jpg,1
010012_0.jpg,0
027256_1.jpg,1
007379_1.jpg,1
011673_1.jpg,1
011735_0.jpg,0
005497_1.jpg,1
023476_1.jpg,1
028595_0.jpg,0
017723_1.jpg,0
016341_1.jpg,1
026935_1.jpg,1
020220_1.jpg,1
011604_1.jpg,1
008688_0.jpg,0
029918_0.jpg,0
002966_1.jpg,1
021684_0.jpg,0
017296_0.jpg,0
029403_1.jpg,1
021043_0.jpg,0
019206_0.jpg,0
007218_1.jpg,1
007428_1.jpg,1
023657_0.jpg,0
012968_1.jpg,1
006465_1.jpg,1
012817_0.jpg,0
023260_0.jpg,0
026068_1.jpg,1
011852_1.jpg,1
014377_1.jpg,1
022972_1.jpg,1
004776_1.jpg,1
002563_0.jpg,1
005080_0.jpg,0
022803_0.jpg,0
005418_1.jpg,1
017345_1.jpg,1
010414_0.jpg,1
026229_0.jpg,0
000329_0.jpg,0
009168_1.jpg,1
011036_1.jpg,1
009532_0.jpg,0
010180_1.jpg,1
004462_1.jpg,1
019316_0.jpg,0
006314_0.jpg,0
004379_0.jpg,0
000900_0.jpg,0
013747_0.jpg,0
001283_0.jpg,0
022993_1.jpg,0
006297_1.jpg,1
025658_1.jpg,1
028266_1.jpg,1
009131_1.jpg,1
000446_0.jpg,0
017273_0.jpg,0
004378_1.jpg,1
018142_0.jpg,0
029506_1.jpg,1
003602_0.jpg,0
026905_0.jpg,0
020894_1.jpg,1
008058_0.jpg,0
005249_0.jpg,0
001548_1.jpg,1
027218_0.jpg,0
022662_1.jpg,1
016271_0.jpg,0
026814_0.jpg,0
003225_1.jpg,0
017338_1.jpg,1
007470_1.jpg,1
027949_0.jpg,0
022301_1.jpg,1
005518_1.jpg,1
017756_0.jpg,0
008963_0.jpg,0
000670_0.jpg,0
030326_0.jpg,0
000669_0.jpg,0
022016_1.jpg,1
029782_0.jpg,0
021340_1.jpg,1
021307_0.jpg,0
005296_1.jpg,1
011545_1.jpg,1
000453_1.jpg,1
026309_0.jpg,0
016868_0.jpg,0
013130_1.jpg,1
020358_0.jpg,0
016040_1.jpg,1
002874_1.jpg,1
017797_0.jpg,1
005385_1.jpg,1
012106_0.jpg,0
007358_1.jpg,1
015331_1.jpg,1
016165_1.jpg,1
021253_0.jpg,0
019557_0.jpg,0
028816_1.jpg,1
007438_1.jpg,1
028891_1.jpg,1
005004_0.jpg,1
009105_0.jpg,0
014387_1.jpg,1
026426_1.jpg,1
000828_0.jpg,0
000974_0.jpg,0
001777_1.jpg,1
028506_0.jpg,0
012689_1.jpg,1
026394_0.jpg,0
012882_1.jpg,1
026508_1.jpg,1
012041_0.jpg,0
011179_1.jpg,1
027062_1.jpg,1
007449_1.jpg,1
000991_0.jpg,0
018120_1.jpg,1
002134_0.jpg,0
016004_0.jpg,0
023423_1.jpg,1
001953_1.jpg,1
018471_0.jpg,0
026487_1.jpg,1
007190_1.jpg,1
007564_1.jpg,1
010478_1.jpg,1
006851_1.jpg,1
022288_0.jpg,0
014081_1.jpg,1
007855_1.jpg,1
015513_0.jpg,0
000012_0.jpg,0
016223_1.jpg,1
011648_0.jpg,0
015413_0.jpg,0
010725_0.jpg,0
017207_1.jpg,1
004479_1.jpg,1
000356_0.jpg,0
020868_1.jpg,1
002789_0.jpg,0
016997_1.jpg,0
000713_0.jpg,0
004679_0.jpg,0
007016_1.jpg,1
014145_0.jpg,0
002775_0.jpg,0
012452_1.jpg,1
029599_1.jpg,1
020431_1.jpg,1
010509_0.jpg,0
008282_1.jpg,1
028143_0.jpg,0
011380_1.jpg,1
019342_0.jpg,0
014655_1.jpg,0
012727_1.jpg,1
004633_1.jpg,1
002634_1.jpg,1
015894_0.jpg,0
017174_0.jpg,0
006058_0.jpg,0
028277_1.jpg,1
011635_1.jpg,1
006434_1.jpg,1
015130_1.jpg,1
006962_1.jpg,1
011680_1.jpg,1
021134_1.jpg,1
020628_1.jpg,1
027253_1.jpg,1
013050_0.jpg,0
022154_0.jpg,0
003691_1.jpg,1
008881_1.jpg,1
001322_1.jpg,1
030128_0.jpg,0
017210_0.jpg,0
026025_1.jpg,1
023020_0.jpg,0
022411_1.jpg,1
029428_1.jpg,1
027580_1.jpg,1
012014_1.jpg,1
003327_1.jpg,1
015360_0.jpg,0
026168_0.jpg,0
028112_0.jpg,0
005039_1.jpg,1
022079_0.jpg,0
014139_0.jpg,0
010162_1.jpg,1
022444_0.jpg,0
012262_0.jpg,0
027498_1.jpg,1
006014_1.jpg,1
007711_0.jpg,0
022260_1.jpg,1
013575_0.jpg,0
006190_1.jpg,1
008625_0.jpg,0
025613_0.jpg,0
024881_1.jpg,1
010054_1.jpg,1
018134_1.jpg,1
026988_1.jpg,1
027852_1.jpg,1
005719_0.jpg,0
022568_0.jpg,0
015997_1.jpg,1
014541_1.jpg,1
028366_0.jpg,0
007708_1.jpg,1
027403_1.jpg,1
018973_0.jpg,0
028125_0.jpg,0
027656_1.jpg,1
015151_1.jpg,1
018203_1.jpg,1
020485_0.jpg,0
010175_0.jpg,0
001813_0.jpg,0
023585_1.jpg,1
024610_1.jpg,1
030411_1.jpg,1
006549_1.jpg,1
015112_0.jpg,0
016797_1.jpg,1
005260_1.jpg,1
015107_1.jpg,1
013872_0.jpg,0
029754_0.jpg,0
028400_1.jpg,1
006594_1.jpg,1
001444_0.jpg,0
019836_0.jpg,0
015695_1.jpg,1
010576_0.jpg,0
023710_0.jpg,0
007663_1.jpg,1
020194_0.jpg,1
012630_0.jpg,0
015577_1.jpg,1
000216_1.jpg,1
016753_1.jpg,1
013751_1.jpg,1
025822_1.jpg,1
026264_1.jpg,1
023950_0.jpg,0
029532_0.jpg,0
017631_1.jpg,1
028513_1.jpg,1
018907_0.jpg,0
007794_1.jpg,1
018114_1.jpg,1
017005_0.jpg,0
027340_1.jpg,1
028306_1.jpg,1
013829_0.jpg,0
008731_1.jpg,1
025805_1.jpg,1
013073_1.jpg,1
020850_1.jpg,1
021712_0.jpg,0
009821_0.jpg,0
006409_1.jpg,1
006085_0.jpg,0
008468_1.jpg,1
007051_0.jpg,0
010489_0.jpg,0
002300_1.jpg,1
012635_0.jpg,0
019825_0.jpg,0
024338_0.jpg,0
026979_0.jpg,0
005480_0.jpg,0
028320_0.jpg,0
021923_0.jpg,0
002984_0.jpg,0
013286_1.jpg,1
016362_1.jpg,1
003274_0.jpg,0
006885_1.jpg,1
004247_0.jpg,0
021045_0.jpg,0
016842_0.jpg,0
015641_1.jpg,1
016680_1.jpg,1
018129_0.jpg,0
014039_0.jpg,0
007174_1.jpg,1
026293_0.jpg,0
002740_1.jpg,1
016304_0.jpg,0
003648_0.jpg,0
027195_0.jpg,0
007293_0.jpg,0
000837_1.jpg,1
002756_1.jpg,1
006468_1.jpg,1
008643_1.jpg,1
004645_1.jpg,1
004697_1.jpg,1
024004_0.jpg,0
004124_0.jpg,0
009110_1.jpg,1
026582_1.jpg,1
009209_1.jpg,1
004101_0.jpg,0
007073_1.jpg,1
002446_1.jpg,1
010931_1.jpg,1
004966_1.jpg,1
018066_1.jpg,1
009575_1.jpg,1
000869_1.jpg,1
019427_0.jpg,0
013778_1.jpg,1
008748_1.jpg,1
013335_0.jpg,0
025908_0.jpg,0
005424_0.jpg,0
016345_1.jpg,1
025592_1.jpg,1
023265_1.jpg,1
013707_1.jpg,1
023953_1.jpg,1
009069_1.jpg,1
015805_1.jpg,1
012556_1.jpg,1
008097_1.jpg,1
000403_1.jpg,1
017099_0.jpg,0
004775_1.jpg,1
024243_0.jpg,0
025844_1.jpg,1
001337_0.jpg,0
029312_0.jpg,0
022273_0.jpg,0
001845_1.jpg,1
029638_1.jpg,1
020104_1.jpg,1
013982_1.jpg,1
022888_1.jpg,1
020945_1.jpg,1
022413_1.jpg,1
015502_0.jpg,0
029965_1.jpg,1
025545_1.jpg,1
008027_1.jpg,1
014118_1.jpg,1
018759_1.jpg,1
028046_0.jpg,0
000378_0.jpg,0
020943_1.jpg,1
003023_0.jpg,0
019685_0.jpg,0
005103_1.jpg,1
028020_1.jpg,1
006611_1.jpg,1
010161_0.jpg,0
024566_1.jpg,1
007585_0.jpg,0
013528_0.jpg,0
021805_1.jpg,1
030113_1.jpg,1
012426_1.jpg,1
027228_1.jpg,1
026341_1.jpg,1
004789_1.jpg,1
005265_1.jpg,1
002519_0.jpg,0
001154_0.jpg,0
004592_0.jpg,0
008975_0.jpg,0
021260_1.jpg,1
027296_1.jpg,1
021257_1.jpg,1
007828_0.jpg,0
029023_1.jpg,1
016870_1.jpg,1
014167_1.jpg,1
003808_1.jpg,1
029648_1.jpg,1
006498_0.jpg,0
013106_1.jpg,1
028133_1.jpg,1
002369_1.jpg,1
025041_0.jpg,0
003925_1.jpg,1
016592_0.jpg,0
013965_1.jpg,1
001211_1.jpg,1
008373_1.jpg,1
020058_0.jpg,0
005193_0.jpg,0
022261_1.jpg,1
013351_1.jpg,1
005796_1.jpg,1
001182_0.jpg,0
021540_1.jpg,1
024679_1.jpg,1
000373_1.jpg,1
028458_1.jpg,1
011572_1.jpg,1
025345_1.jpg,1
005197_0.jpg,0
023583_1.jpg,1
027919_1.jpg,1
013725_1.jpg,1
002772_0.jpg,0
007299_0.jpg,0
018101_0.jpg,0
002972_1.jpg,1
004825_1.jpg,1
016031_0.jpg,0
012291_1.jpg,1
022573_0.jpg,0
000694_1.jpg,0
000471_0.jpg,0
016155_0.jpg,0
010987_1.jpg,1
029022_1.jpg,1
016904_0.jpg,0
028230_1.jpg,1
001989_0.jpg,0
020789_1.jpg,1
021225_1.jpg,1
005431_0.jpg,0
024539_1.jpg,1
029318_1.jpg,1
016339_0.jpg,0
003029_0.jpg,0
014849_0.jpg,0
007864_0.jpg,0
012430_1.jpg,1
016760_1.jpg,1
000396_1.jpg,1
021675_0.jpg,0
013625_1.jpg,1
027289_0.jpg,0
011143_1.jpg,1
003257_0.jpg,0
004781_0.jpg,0
026578_1.jpg,1
013097_1.jpg,1
005897_1.jpg,1
026739_0.jpg,0
005924_1.jpg,1
015490_0.jpg,0
024241_0.jpg,0
019693_1.jpg,1
025942_0.jpg,0
016129_1.jpg,1
023864_1.jpg,1
028723_0.jpg,0
029939_1.jpg,1
021505_1.jpg,1
022542_1.jpg,1
003304_0.jpg,0
022850_1.jpg,1
005003_1.jpg,1
019754_0.jpg,0
008424_0.jpg,0
019922_1.jpg,1
009318_0.jpg,0
023834_0.jpg,0
021478_0.jpg,0
028938_1.jpg,1
015099_1.jpg,1
016884_0.jpg,0
002707_0.jpg,0
014041_1.jpg,1
008007_0.jpg,0
016817_0.jpg,0
015924_0.jpg,0
024289_1.jpg,1
026140_1.jpg,1
023913_0.jpg,0
011106_1.jpg,1
016786_1.jpg,1
022508_1.jpg,1
017419_0.jpg,0
019931_0.jpg,0
023160_1.jpg,1
007777_0.jpg,0
010332_1.jpg,1
021492_1.jpg,1
017068_0.jpg,0
026458_1.jpg,1
009538_0.jpg,0
029966_1.jpg,1
021098_0.jpg,0
009298_0.jpg,0
007772_0.jpg,0
003385_1.jpg,1
015944_1.jpg,1
029184_0.jpg,0
013015_1.jpg,1
027502_0.jpg,0
020447_1.jpg,1
029578_1.jpg,1
008649_1.jpg,1
025492_0.jpg,0
027575_0.jpg,0
018931_1.jpg,1
011593_0.jpg,0
024345_1.jpg,1
018927_0.jpg,0
017569_1.jpg,1
001207_1.jpg,1
002378_1.jpg,1
016103_1.jpg,1
021612_0.jpg,0
028635_1.jpg,1
013109_1.jpg,1
008947_1.jpg,1
017362_1.jpg,1
000562_0.jpg,0
000949_1.jpg,1
015037_0.jpg,0
014797_1.jpg,1
000338_1.jpg,1
017035_1.jpg,1
020504_1.jpg,1
002838_1.jpg,1
021254_0.jpg,0
009193_1.jpg,1
029829_0.jpg,0
004376_0.jpg,0
025026_1.jpg,1
009996_1.jpg,1
013063_0.jpg,0
012254_0.jpg,0
016980_0.jpg,0
009560_0.jpg,0
026188_1.jpg,1
007500_0.jpg,1
015352_1.jpg,1
016391_0.jpg,0
007252_0.jpg,0
016509_0.jpg,0
025796_1.jpg,1
023121_0.jpg,0
001068_1.jpg,1
021592_1.jpg,0
012645_1.jpg,1
024821_0.jpg,0
001978_1.jpg,1
001974_0.jpg,0
017440_0.jpg,0
004841_0.jpg,0
020690_0.jpg,0
023076_0.jpg,0
020250_1.jpg,1
008518_1.jpg,1
029011_1.jpg,1
015952_1.jpg,1
026282_0.jpg,0
011893_1.jpg,1
015111_1.jpg,1
013208_1.jpg,1
026606_1.jpg,1
025230_0.jpg,0
009108_0.jpg,0
000168_0.jpg,0
004620_1.jpg,1
002208_0.jpg,0
009590_0.jpg,0
026826_1.jpg,1
005987_1.jpg,1
022976_0.jpg,0
015549_1.jpg,0
029050_1.jpg,1
017905_0.jpg,0
006301_0.jpg,0
000858_1.jpg,1
030075_0.jpg,0
014510_1.jpg,1
020487_0.jpg,0
017231_0.jpg,0
015073_0.jpg,0
013043_1.jpg,1
023313_0.jpg,0
000565_0.jpg,0
003390_0.jpg,0
017164_0.jpg,0
008086_0.jpg,0
015672_0.jpg,0
026155_0.jpg,0
026875_0.jpg,0
006570_1.jpg,1
007602_0.jpg,0
025751_1.jpg,1
017026_0.jpg,0
001195_1.jpg,1
029980_1.jpg,1
016857_0.jpg,0
025766_1.jpg,1
025138_1.jpg,1
008460_0.jpg,0
018402_0.jpg,0
015596_1.jpg,1
027903_1.jpg,1
013410_1.jpg,1
010735_0.jpg,0
026906_0.jpg,0
028783_0.jpg,0
025071_1.jpg,1
010151_1.jpg,1
008144_1.jpg,1
026843_0.jpg,0
008866_0.jpg,0
004565_1.jpg,1
002278_1.jpg,1
002252_1.jpg,1
019605_1.jpg,1
023001_1.jpg,1
009119_0.jpg,0
015626_0.jpg,0
014981_1.jpg,1
006060_1.jpg,1
003958_1.jpg,1
024615_0.jpg,0
005539_0.jpg,0
020737_1.jpg,1
029141_1.jpg,1
013275_1.jpg,1
029463_0.jpg,0
004063_0.jpg,0
003624_1.jpg,1
025024_1.jpg,1
002944_0.jpg,0
014022_0.jpg,0
017205_0.jpg,0
007767_0.jpg,0
014019_1.jpg,1
011197_1.jpg,1
026026_0.jpg,0
014481_1.jpg,1
026958_1.jpg,1
015170_0.jpg,0
021488_1.jpg,1
021635_1.jpg,1
028677_0.jpg,0
010678_0.jpg,0
028821_0.jpg,0
023401_1.jpg,1
014979_0.jpg,0
016594_1.jpg,1
026927_1.jpg,1
009162_1.jpg,1
028223_0.jpg,0
018341_1.jpg,1
011952_1.jpg,1
024470_0.jpg,0
020098_1.jpg,1
015619_1.jpg,1
008248_0.jpg,0
027790_0.jpg,0
012996_0.jpg,0
001469_1.jpg,1
006220_0.jpg,0
010104_0.jpg,0
024062_0.jpg,0
025910_0.jpg,0
022205_1.jpg,1
025181_1.jpg,1
023526_0.jpg,0
000100_1.jpg,1
017434_0.jpg,0
013006_1.jpg,1
009675_0.jpg,0
011487_1.jpg,1
019143_0.jpg,0
028773_1.jpg,1
007222_1.jpg,1
009414_1.jpg,1
008819_1.jpg,1
026844_1.jpg,1
029972_1.jpg,1
007241_0.jpg,0
019223_1.jpg,1
003568_1.jpg,1
000041_1.jpg,1
022229_1.jpg,0
026036_0.jpg,0
024856_0.jpg,0
017680_1.jpg,1
029957_0.jpg,0
000053_1.jpg,1
012402_1.jpg,1
008931_0.jpg,0
016234_0.jpg,0
005806_0.jpg,0
017508_1.jpg,1
009614_1.jpg,1
030116_1.jpg,1
029805_1.jpg,1
002344_1.jpg,1
028584_1.jpg,1
016408_1.jpg,1
020442_1.jpg,1
024242_0.jpg,0
019386_1.jpg,1
017258_0.jpg,0
013525_0.jpg,1
013355_0.jpg,0
018405_1.jpg,1
022853_0.jpg,0
025415_1.jpg,1
014152_0.jpg,0
023852_0.jpg,0
017048_0.jpg,0
009293_0.jpg,0
013640_0.jpg,0
021767_1.jpg,1
021246_1.jpg,1
012747_1.jpg,1
020817_1.jpg,1
018094_0.jpg,0
002735_1.jpg,1
006408_0.jpg,0
018961_0.jpg,0
013589_0.jpg,0
004384_1.jpg,1
028347_1.jpg,1
015483_0.jpg,0
029790_1.jpg,1
011116_0.jpg,0
028633_1.jpg,1
028201_1.jpg,1
023540_0.jpg,0
022162_1.jpg,1
007888_1.jpg,1
023566_1.jpg,1
020811_0.jpg,0
015463_1.jpg,1
013536_0.jpg,0
020540_0.jpg,0
022252_0.jpg,0
024074_1.jpg,1
007356_1.jpg,1
018204_0.jpg,0
014706_1.jpg,1
002766_1.jpg,1
017973_0.jpg,0
029115_1.jpg,1
008883_0.jpg,0
022338_1.jpg,1
009073_1.jpg,0
024137_1.jpg,1
005054_0.jpg,0
008234_0.jpg,0
010337_1.jpg,1
011774_1.jpg,1
015637_0.jpg,0
000193_1.jpg,1
012182_1.jpg,1
009564_1.jpg,1
009599_1.jpg,1
010469_1.jpg,1
023194_1.jpg,1
024151_1.jpg,1
006712_1.jpg,1
018366_0.jpg,0
006548_0.jpg,0
029137_1.jpg,1
017259_1.jpg,1
004064_0.jpg,0
012354_0.jpg,0
008659_1.jpg,1
004602_1.jpg,1
017749_1.jpg,1
011271_1.jpg,1
021313_1.jpg,1
006188_0.jpg,0
014865_0.jpg,0
007928_0.jpg,1
022070_1.jpg,1
016671_1.jpg,1
004871_1.jpg,1
000479_1.jpg,1
006606_0.jpg,0
026008_0.jpg,0
001870_0.jpg,0
006776_1.jpg,1
029259_1.jpg,1
023608_0.jpg,0
025092_0.jpg,0
028643_1.jpg,1
006334_1.jpg,1
005884_0.jpg,0
003980_0.jpg,0
025106_0.jpg,0
000673_1.jpg,1
013280_1.jpg,1
010990_1.jpg,1
028126_0.jpg,0
010047_0.jpg,0
028080_0.jpg,0
015178_1.jpg,1
020526_1.jpg,1
026713_0.jpg,0
005482_1.jpg,1
018069_0.jpg,0
008496_1.jpg,1
023117_1.jpg,1
028831_0.jpg,0
001657_0.jpg,0
025969_0.jpg,0
019788_0.jpg,0
023356_0.jpg,0
001453_1.jpg,1
030320_0.jpg,0
007757_1.jpg,1
020015_1.jpg,1
011730_1.jpg,1
025469_0.jpg,0
012849_0.jpg,0
028307_0.jpg,0
003620_1.jpg,0
009523_1.jpg,1
024763_1.jpg,1
010695_1.jpg,1
023060_1.jpg,1
011761_1.jpg,1
006778_0.jpg,0
009817_1.jpg,1
020081_1.jpg,1
014382_0.jpg,0
012844_1.jpg,1
003250_1.jpg,1
015813_0.jpg,0
013420_1.jpg,1
010325_0.jpg,0
022034_1.jpg,1
013483_1.jpg,1
004906_1.jpg,1
005938_0.jpg,0
009039_0.jpg,1
004275_0.jpg,0
022621_1.jpg,1
020687_1.jpg,1
011854_1.jpg,1
004589_1.jpg,1
004131_0.jpg,0
010956_1.jpg,1
014582_1.jpg,1
028597_1.jpg,1
026470_1.jpg,1
026216_1.jpg,1
027229_0.jpg,0
014946_0.jpg,0
004646_1.jpg,1
005538_1.jpg,1
028140_0.jpg,0
000660_0.jpg,0
014459_1.jpg,1
017902_0.jpg,0
007887_1.jpg,1
028360_1.jpg,1
018236_0.jpg,0
020639_0.jpg,0
011970_0.jpg,0
028447_1.jpg,1
016862_1.jpg,1
020086_0.jpg,0
017014_0.jpg,0
017758_1.jpg,0
000496_0.jpg,0
005057_1.jpg,1
019656_0.jpg,0
010313_0.jpg,0
012992_0.jpg,0
010870_1.jpg,1
028634_1.jpg,1
004151_0.jpg,0
006021_1.jpg,1
024035_0.jpg,0
016929_0.jpg,0
000690_1.jpg,1
016505_1.jpg,1
016625_0.jpg,0
023611_1.jpg,1
022094_0.jpg,0
001776_0.jpg,0
017387_1.jpg,1
026198_1.jpg,1
024932_0.jpg,0
018018_0.jpg,0
004587_1.jpg,1
015185_1.jpg,1
025738_0.jpg,0
004079_0.jpg,0
005767_1.jpg,1
003229_0.jpg,0
001889_0.jpg,0
006063_1.jpg,1
011531_1.jpg,1
003441_0.jpg,0
030285_0.jpg,0
026333_1.jpg,1
011227_1.jpg,1
015494_1.jpg,1
029562_1.jpg,1
004816_0.jpg,0
020001_0.jpg,0
025422_0.jpg,0
015390_0.jpg,0
005492_0.jpg,0
014434_0.jpg,0
028592_0.jpg,0
009517_1.jpg,1
022141_1.jpg,1
017786_1.jpg,1
013223_1.jpg,1
011595_1.jpg,1
026748_0.jpg,0
019662_1.jpg,1
030244_1.jpg,1
009290_0.jpg,0
005204_1.jpg,1
023694_0.jpg,0
021728_0.jpg,0
001273_1.jpg,1
013587_1.jpg,1
001134_1.jpg,1
026001_1.jpg,1
000064_1.jpg,1
030407_0.jpg,0
008340_1.jpg,1
019444_0.jpg,0
025098_1.jpg,1
009736_1.jpg,1
026684_0.jpg,0
030143_0.jpg,0
026474_1.jpg,1
019951_0.jpg,0
004012_1.jpg,1
016364_0.jpg,0
016520_0.jpg,0
013283_1.jpg,1
026380_1.jpg,1
015403_1.jpg,1
010628_0.jpg,0
014675_1.jpg,1
027920_1.jpg,1
003427_1.jpg,1
026775_1.jpg,1
025626_0.jpg,0
019055_1.jpg,1
013291_1.jpg,1
007528_0.jpg,0
005348_1.jpg,1
018806_1.jpg,1
012665_0.jpg,1
012510_0.jpg,0
012334_0.jpg,0
005115_1.jpg,1
004624_0.jpg,0
002683_1.jpg,1
025685_0.jpg,0
001417_1.jpg,1
028457_0.jpg,0
003172_1.jpg,1
024542_1.jpg,1
026550_1.jpg,1
022729_1.jpg,1
007677_1.jpg,1
018115_0.jpg,0
030397_0.jpg,0
015480_0.jpg,0
008730_0.jpg,0
025149_1.jpg,1
023506_0.jpg,0
014743_0.jpg,0
025341_1.jpg,1
002754_1.jpg,1
020793_1.jpg,1
021222_1.jpg,1
001511_1.jpg,1
018770_0.jpg,0
006185_1.jpg,1
003571_1.jpg,1
026462_1.jpg,1
013198_0.jpg,0
015493_1.jpg,1
028444_1.jpg,1
020574_1.jpg,1
002527_1.jpg,1
000902_1.jpg,1
024162_0.jpg,0
001970_0.jpg,0
017260_1.jpg,1
006994_0.jpg,0
030145_1.jpg,1
002917_0.jpg,0
017513_0.jpg,0
005911_1.jpg,1
011507_1.jpg,1
013314_1.jpg,1
003057_1.jpg,1
015400_1.jpg,1
022800_1.jpg,1
022739_1.jpg,1
005944_0.jpg,0
019856_1.jpg,1
027748_0.jpg,0
014030_0.jpg,0
019502_1.jpg,1
023284_1.jpg,1
018399_0.jpg,0
010143_0.jpg,0
000343_0.jpg,0
003891_1.jpg,1
025874_0.jpg,1
004741_0.jpg,0
004035_1.jpg,1
021306_1.jpg,1
013775_0.jpg,0
006709_1.jpg,1
019157_0.jpg,0
018247_1.jpg,1
018739_1.jpg,1
029565_0.jpg,0
007972_0.jpg,0
018545_0.jpg,0
017001_0.jpg,0
025817_1.jpg,1
004956_1.jpg,1
007858_1.jpg,1
008806_1.jpg,1
010199_0.jpg,0
003936_0.jpg,0
017227_0.jpg,0
021605_1.jpg,1
025724_1.jpg,1
020162_0.jpg,0
001525_1.jpg,1
004168_1.jpg,1
021437_1.jpg,1
012790_1.jpg,1
025464_0.jpg,0
007409_0.jpg,0
027380_0.jpg,0
030341_0.jpg,0
007790_1.jpg,1
013683_1.jpg,1
024342_0.jpg,0
016495_0.jpg,0
026542_1.jpg,1
013713_1.jpg,1
004828_1.jpg,1
028200_1.jpg,1
003630_1.jpg,1
006298_1.jpg,1
012741_1.jpg,1
020278_1.jpg,0
026070_1.jpg,1
024944_1.jpg,0
023254_0.jpg,0
012929_1.jpg,1
002566_1.jpg,1
017568_1.jpg,1
021059_1.jpg,1
006601_1.jpg,1
021250_0.jpg,0
020041_1.jpg,1
024708_1.jpg,1
024229_0.jpg,0
016281_1.jpg,1
005536_1.jpg,1
011481_1.jpg,1
025266_0.jpg,0
029862_0.jpg,0
001271_1.jpg,1
001297_1.jpg,1
017678_0.jpg,0
023916_1.jpg,1
021557_1.jpg,1
023564_1.jpg,1
009074_1.jpg,1
015200_1.jpg,1
022868_0.jpg,0
022718_1.jpg,1
025342_0.jpg,0
015584_1.jpg,1
011242_1.jpg,1
006773_0.jpg,0
008401_0.jpg,0
016115_1.jpg,1
001866_0.jpg,0
023458_1.jpg,1
027696_0.jpg,0
009190_1.jpg,1
028978_1.jpg,1
007793_1.jpg,1
001796_0.jpg,0
002259_0.jpg,0
029347_1.jpg,1
025715_0.jpg,0
026406_1.jpg,1
004914_0.jpg,0
029959_0.jpg,0
002031_0.jpg,0
002107_0.jpg,0
018081_1.jpg,1
016225_1.jpg,1
026077_0.jpg,0
012302_0.jpg,1
002458_0.jpg,0
018488_1.jpg,1
005388_1.jpg,1
015824_1.jpg,1
028834_1.jpg,1
000808_1.jpg,1
007668_1.jpg,1
000522_0.jpg,0
020951_1.jpg,1
008736_0.jpg,0
026975_0.jpg,0
013288_1.jpg,1
015156_0.jpg,0
025913_1.jpg,1
027955_1.jpg,1
027743_1.jpg,1
027986_0.jpg,0
019653_0.jpg,0
002886_1.jpg,1
015274_0.jpg,0
011995_0.jpg,0
009641_0.jpg,0
017661_1.jpg,1
021709_1.jpg,1
006452_0.jpg,0
012962_1.jpg,1
018347_0.jpg,0
014971_0.jpg,0
017375_1.jpg,1
014937_0.jpg,0
027272_0.jpg,0
012678_0.jpg,0
014306_0.jpg,0
020060_1.jpg,1
013136_1.jpg,1
022113_0.jpg,0
017236_1.jpg,1
019164_0.jpg,0
018735_0.jpg,0
011092_0.jpg,0
002377_1.jpg,1
029916_1.jpg,1
023206_1.jpg,1
005666_0.jpg,0
023962_0.jpg,0
018790_0.jpg,1
000760_1.jpg,1
013348_0.jpg,0
005782_1.jpg,1
004843_0.jpg,0
021924_0.jpg,0
012946_1.jpg,1
027909_1.jpg,1
019258_0.jpg,0
004968_0.jpg,0
007692_0.jpg,0
002217_0.jpg,0
030021_1.jpg,1
030234_0.jpg,0
015216_1.jpg,1
007230_1.jpg,1
019830_0.jpg,0
008207_0.jpg,0
000175_1.jpg,1
015369_0.jpg,0
001742_0.jpg,1
002918_0.jpg,0
021180_0.jpg,0
023509_0.jpg,0
019936_0.jpg,0
002888_0.jpg,0
018986_0.jpg,0
027058_0.jpg,0
011457_0.jpg,0
019092_1.jpg,1
004348_1.jpg,1
019480_0.jpg,0
019132_0.jpg,0
004228_1.jpg,1
024871_0.jpg,0
001789_1.jpg,1
016967_0.jpg,1
020996_1.jpg,1
028637_0.jpg,0
011156_1.jpg,1
030286_1.jpg,1
013439_0.jpg,0
024437_1.jpg,1
008603_1.jpg,1
015537_1.jpg,1
030293_0.jpg,0
010178_1.jpg,1
030019_1.jpg,1
026261_1.jpg,1
023599_1.jpg,1
028357_1.jpg,1
008048_0.jpg,0
025772_0.jpg,0
008684_1.jpg,1
006884_1.jpg,1
010732_0.jpg,0
011641_0.jpg,0
010718_0.jpg,0
028244_0.jpg,0
020765_1.jpg,1
004027_1.jpg,1
013762_0.jpg,0
002197_0.jpg,0
030248_1.jpg,1
007194_1.jpg,1
003744_0.jpg,1
010093_1.jpg,1
007433_1.jpg,1
016090_1.jpg,1
002122_1.jpg,1
029696_0.jpg,0
008332_1.jpg,1
016874_0.jpg,0
013818_0.jpg,0
001363_0.jpg,0
010667_0.jpg,0
022414_0.jpg,0
015907_1.jpg,1
022760_0.jpg,0
018714_1.jpg,1
015353_1.jpg,1
030093_1.jpg,1
025202_1.jpg,1
021968_1.jpg,1
028611_1.jpg,1
028937_1.jpg,1
029534_0.jpg,0
027815_1.jpg,1
019455_0.jpg,0
003760_1.jpg,1
000477_0.jpg,0
020768_0.jpg,0
004519_1.jpg,1
019335_1.jpg,1
003432_1.jpg,1
001863_0.jpg,0
027248_0.jpg,0
025327_1.jpg,1
026722_0.jpg,0
013255_0.jpg,0
005218_0.jpg,0
016166_1.jpg,1
011522_1.jpg,1
027866_1.jpg,1
004476_1.jpg,1
000825_0.jpg,0
019944_0.jpg,0
009392_0.jpg,0
010811_1.jpg,1
009726_0.jpg,0
009031_0.jpg,1
011596_0.jpg,0
028590_0.jpg,0
028988_1.jpg,1
020906_1.jpg,1
001090_0.jpg,0
002370_1.jpg,1
017188_1.jpg,1
008973_1.jpg,1
029605_1.jpg,1
029054_1.jpg,1
017331_1.jpg,1
017306_1.jpg,1
028786_0.jpg,0
008269_1.jpg,1
000104_0.jpg,0
024991_0.jpg,0
026179_1.jpg,1
014245_0.jpg,0
024283_0.jpg,0
009795_0.jpg,0
027335_0.jpg,0
029769_0.jpg,0
004432_0.jpg,0
024430_1.jpg,1
004692_0.jpg,0
015442_1.jpg,1
001163_0.jpg,0
004539_0.jpg,0
028287_1.jpg,1
026348_1.jpg,1
015328_1.jpg,1
013214_1.jpg,1
003083_0.jpg,0
005568_1.jpg,1
016608_1.jpg,1
026075_1.jpg,1
012878_0.jpg,0
017477_1.jpg,1
011418_0.jpg,0
029691_0.jpg,0
016463_0.jpg,0
001253_1.jpg,1
022239_0.jpg,0
028658_1.jpg,1
012258_1.jpg,1
022735_1.jpg,1
004637_1.jpg,1
010391_1.jpg,1
001700_1.jpg,1
009701_0.jpg,0
024444_1.jpg,1
000179_1.jpg,1
010715_0.jpg,0
022365_1.jpg,1
015820_0.jpg,0
015207_0.jpg,0
008885_0.jpg,0
002839_0.jpg,0
028608_0.jpg,0
024896_0.jpg,0
027523_1.jpg,1
028370_1.jpg,1
003919_0.jpg,0
002524_0.jpg,0
018290_1.jpg,1
028302_1.jpg,1
028031_1.jpg,1
020096_1.jpg,1
003037_1.jpg,1
000438_1.jpg,1
009866_1.jpg,1
016439_1.jpg,1
015864_1.jpg,1
009855_1.jpg,1
007505_0.jpg,0
023751_1.jpg,1
023616_1.jpg,1
004472_0.jpg,1
001339_0.jpg,0
009899_1.jpg,1
003608_0.jpg,0
023234_1.jpg,1
004608_1.jpg,1
028717_0.jpg,0
012144_0.jpg,0
006483_0.jpg,0
011278_1.jpg,1
010190_1.jpg,1
016020_1.jpg,1
027726_1.jpg,1
028940_0.jpg,0
021756_0.jpg,0
029800_0.jpg,0
028892_1.jpg,1
011117_1.jpg,1
011245_1.jpg,1
002893_1.jpg,1
005604_0.jpg,0
014903_1.jpg,1
000818_1.jpg,1
025982_1.jpg,1
006876_1.jpg,1
019841_1.jpg,1
015605_1.jpg,1
025347_1.jpg,1
018474_0.jpg,0
027084_0.jpg,0
003999_0.jpg,0
021132_1.jpg,1
015686_0.jpg,0
009591_1.jpg,0
006323_1.jpg,1
006500_0.jpg,0
012193_0.jpg,0
030274_0.jpg,0
005993_1.jpg,1
020784_1.jpg,0
010140_0.jpg,0
000933_1.jpg,1
014827_1.jpg,1
024221_0.jpg,0
002296_1.jpg,1
002762_0.jpg,0
023375_1.jpg,1
011752_1.jpg,1
009292_0.jpg,0
011169_0.jpg,0
009794_1.jpg,1
013608_0.jpg,0
008587_0.jpg,0
025824_0.jpg,0
021724_1.jpg,1
012460_1.jpg,1
022876_1.jpg,1
022678_1.jpg,1
018151_1.jpg,1
004181_1.jpg,1
023026_0.jpg,0
006330_0.jpg,0
022624_1.jpg,1
007056_0.jpg,0
014216_0.jpg,0
016570_1.jpg,1
027216_1.jpg,1
014586_0.jpg,0
008202_1.jpg,1
001885_1.jpg,1
023673_0.jpg,0
020125_0.jpg,0
029888_1.jpg,1
011773_0.jpg,0
008302_1.jpg,1
018121_0.jpg,1
029932_1.jpg,1
006442_0.jpg,0
021751_0.jpg,0
000718_0.jpg,0
030394_0.jpg,0
024175_0.jpg,0
002428_1.jpg,1
010318_0.jpg,0
010018_0.jpg,0
024239_1.jpg,1
003780_1.jpg,1
026402_0.jpg,0
023524_0.jpg,0
004088_0.jpg,0
028117_1.jpg,1
007965_0.jpg,0
012234_1.jpg,1
013174_0.jpg,0
021461_0.jpg,0
021383_1.jpg,1
006626_1.jpg,1
026626_0.jpg,0
028205_1.jpg,1
028503_0.jpg,0
028017_0.jpg,0
009128_1.jpg,1
003303_1.jpg,1
011959_1.jpg,1
025329_1.jpg,1
011715_0.jpg,0
024755_1.jpg,1
029774_1.jpg,1
012329_1.jpg,1
011764_1.jpg,1
014879_0.jpg,0
013038_1.jpg,1
017253_1.jpg,1
019352_1.jpg,1
021042_0.jpg,0
029482_0.jpg,0
005968_1.jpg,0
006308_1.jpg,1
020606_1.jpg,1
023843_0.jpg,0
025270_0.jpg,0
006646_1.jpg,1
025904_0.jpg,0
015921_0.jpg,0
020255_0.jpg,0
008299_0.jpg,1
000544_0.jpg,0
000167_1.jpg,1
017267_1.jpg,1
010379_1.jpg,1
023100_0.jpg,0
003325_1.jpg,0
013167_1.jpg,1
029823_0.jpg,0
015567_1.jpg,1
020059_0.jpg,0
003918_1.jpg,0
023741_1.jpg,1
000204_1.jpg,1
020923_0.jpg,0
017276_0.jpg,0
009056_0.jpg,0
021374_1.jpg,1
012086_1.jpg,1
006730_1.jpg,1
000190_1.jpg,1
028319_1.jpg,1
014696_1.jpg,1
029584_0.jpg,0
011135_0.jpg,0
026255_0.jpg,0
000097_0.jpg,0
006211_1.jpg,1
016648_0.jpg,0
005350_0.jpg,0
004974_0.jpg,0
001502_1.jpg,1
018105_1.jpg,1
029742_1.jpg,1
021404_0.jpg,0
016527_1.jpg,1
003817_1.jpg,1
025121_1.jpg,1
024890_0.jpg,0
019664_1.jpg,1
002810_1.jpg,1
027998_1.jpg,1
025563_0.jpg,0
000555_0.jpg,0
001905_0.jpg,0
000526_1.jpg,1
000943_0.jpg,0
021369_1.jpg,1
019031_1.jpg,1
007263_1.jpg,1
008384_0.jpg,0
001999_1.jpg,0
006149_0.jpg,0
014813_0.jpg,0
002508_0.jpg,0
002655_0.jpg,0
004858_1.jpg,1
011528_1.jpg,1
003699_1.jpg,1
015778_0.jpg,0
010632_0.jpg,0
017834_0.jpg,0
029706_1.jpg,1
017454_0.jpg,0
011800_1.jpg,1
027023_1.jpg,1
021421_0.jpg,0
005270_1.jpg,1
011303_1.jpg,1
029760_1.jpg,1
013193_1.jpg,1
005406_0.jpg,0
000518_1.jpg,1
020728_0.jpg,0
005228_1.jpg,1
001656_1.jpg,1
008113_0.jpg,0
012282_1.jpg,1
006856_1.jpg,1
003702_1.jpg,1
008380_0.jpg,0
020549_0.jpg,0
000312_0.jpg,0
013784_1.jpg,1
004973_0.jpg,0
016824_0.jpg,0
000061_0.jpg,0
012494_0.jpg,0
013046_1.jpg,0
015941_0.jpg,0
001264_1.jpg,1
019311_1.jpg,1
029126_1.jpg,1
011589_1.jpg,1
008662_0.jpg,0
010567_1.jpg,1
005598_0.jpg,0
010463_1.jpg,1
019196_0.jpg,0
017483_1.jpg,1
001148_1.jpg,1
025500_1.jpg,1
002943_1.jpg,1
023091_1.jpg,1
026122_0.jpg,0
005516_0.jpg,0
002473_1.jpg,1
023503_1.jpg,1
005805_0.jpg,0
019533_1.jpg,1
013370_1.jpg,1
001244_1.jpg,1
026401_1.jpg,1
022004_0.jpg,0
017464_1.jpg,1
015169_0.jpg,0
023497_1.jpg,1
025205_0.jpg,0
010455_0.jpg,0
015109_0.jpg,0
015326_1.jpg,1
014502_1.jpg,1
024420_1.jpg,0
021837_1.jpg,1
017444_1.jpg,1
027469_1.jpg,1
012491_1.jpg,1
001229_0.jpg,1
018175_1.jpg,1
008022_0.jpg,0
015920_1.jpg,1
027026_1.jpg,1
010373_0.jpg,0
013892_0.jpg,0
024193_0.jpg,0
027338_1.jpg,1
020826_0.jpg,0
023499_0.jpg,0
008013_1.jpg,1
006737_0.jpg,0
017272_1.jpg,1
012652_1.jpg,1
026308_0.jpg,0
023536_0.jpg,0
023512_0.jpg,1
025922_0.jpg,0
000969_0.jpg,0
026023_0.jpg,0
014482_0.jpg,0
023450_1.jpg,1
012993_0.jpg,0
014160_1.jpg,1
023867_1.jpg,1
016949_1.jpg,1
014026_0.jpg,0
001232_0.jpg,0
019379_0.jpg,0
020311_1.jpg,1
028056_1.jpg,1
013623_0.jpg,0
009378_1.jpg,1
009803_1.jpg,1
029170_1.jpg,1
004220_1.jpg,1
011226_1.jpg,1
029577_0.jpg,0
026704_0.jpg,0
025501_1.jpg,1
023878_1.jpg,1
010146_1.jpg,1
023991_1.jpg,1
025369_1.jpg,1
022719_0.jpg,1
012995_1.jpg,1
014678_1.jpg,1
027203_0.jpg,0
002140_1.jpg,1
026046_0.jpg,0
028622_1.jpg,1
012070_0.jpg,0
011580_0.jpg,0
002254_0.jpg,0
017114_1.jpg,1
011563_0.jpg,0
022008_0.jpg,0
026217_0.jpg,0
028464_1.jpg,1
027504_0.jpg,0
027388_0.jpg,0
008902_0.jpg,0
006929_1.jpg,1
027278_1.jpg,1
008024_1.jpg,1
013577_0.jpg,0
025081_1.jpg,1
024177_0.jpg,0
024461_1.jpg,1
004543_1.jpg,1
021468_1.jpg,1
001045_1.jpg,1
010766_0.jpg,0
001986_1.jpg,1
010080_1.jpg,1
004898_0.jpg,0
003819_0.jpg,0
022537_1.jpg,1
019179_1.jpg,1
027912_1.jpg,1
023113_1.jpg,1
020291_0.jpg,0
005411_1.jpg,1
006155_0.jpg,0
018767_0.jpg,0
014476_1.jpg,1
008795_0.jpg,0
022395_1.jpg,1
017780_0.jpg,0
013200_0.jpg,0
012918_1.jpg,1
001157_1.jpg,1
010973_1.jpg,1
011091_1.jpg,1
025846_1.jpg,1
001430_1.jpg,1
022943_1.jpg,1
020861_0.jpg,1
020587_1.jpg,1
024531_0.jpg,0
015904_1.jpg,1
009870_1.jpg,1
007417_0.jpg,0
027238_1.jpg,1
026221_0.jpg,1
019088_1.jpg,1
010947_0.jpg,0
006340_1.jpg,1
021693_0.jpg,0
029494_1.jpg,1
026142_0.jpg,0
016847_1.jpg,1
023624_0.jpg,0
029559_0.jpg,0
029311_0.jpg,0
012084_1.jpg,1
005995_0.jpg,0
021599_1.jpg,1
016577_0.jpg,0
019495_0.jpg,0
014021_0.jpg,0
003388_0.jpg,0
030038_1.jpg,1
028516_1.jpg,1
009825_1.jpg,1
005091_1.jpg,1
020182_0.jpg,0
016507_0.jpg,0
024115_1.jpg,1
023067_0.jpg,0
015801_0.jpg,0
003424_1.jpg,1
021227_0.jpg,0
009932_0.jpg,0
015304_1.jpg,1
019253_0.jpg,0
026921_1.jpg,1
029764_0.jpg,0
003114_0.jpg,0
028514_1.jpg,1
000072_1.jpg,1
025535_0.jpg,0
019118_0.jpg,0
019990_0.jpg,0
029690_0.jpg,0
013876_1.jpg,1
018230_1.jpg,1
024272_0.jpg,0
021972_1.jpg,1
001621_0.jpg,0
023999_1.jpg,1
026816_1.jpg,1
022926_1.jpg,1
003547_1.jpg,1
030216_1.jpg,1
011753_1.jpg,1
016582_1.jpg,1
001586_0.jpg,0
027240_1.jpg,1
016706_1.jpg,1
015700_1.jpg,1
008837_1.jpg,1
007743_0.jpg,0
022061_0.jpg,0
028983_1.jpg,1
023135_1.jpg,1
010714_0.jpg,0
013745_0.jpg,0
008726_0.jpg,0
019591_0.jpg,0
007304_0.jpg,0
004447_0.jpg,0
017409_0.jpg,0
016865_0.jpg,0
006679_0.jpg,0
001609_1.jpg,1
016736_1.jpg,0
017354_1.jpg,1
003111_0.jpg,0
018025_1.jpg,1
009552_0.jpg,0
003158_0.jpg,0
019286_1.jpg,1
013887_1.jpg,1
018673_0.jpg,0
013087_0.jpg,0
005160_1.jpg,1
028330_0.jpg,0
017491_1.jpg,1
006537_1.jpg,1
012055_1.jpg,1
024648_0.jpg,0
019867_1.jpg,1
022981_1.jpg,1
018547_0.jpg,0
010878_0.jpg,0
022505_0.jpg,0
020979_0.jpg,0
023310_0.jpg,0
017126_1.jpg,1
004309_0.jpg,0
021359_0.jpg,1
007952_1.jpg,1
027775_0.jpg,0
010625_0.jpg,0
011982_1.jpg,1
018761_0.jpg,0
012326_0.jpg,0
011095_0.jpg,0
008543_1.jpg,1
015796_1.jpg,1
023609_1.jpg,1
007869_1.jpg,1
003287_1.jpg,1
025136_0.jpg,0
028843_0.jpg,0
015720_0.jpg,0
020170_1.jpg,1
018823_1.jpg,1
027151_1.jpg,1
009669_0.jpg,0
015849_0.jpg,0
016058_1.jpg,1
014066_0.jpg,0
022536_0.jpg,0
006073_0.jpg,0
016218_0.jpg,1
005164_1.jpg,1
024998_0.jpg,0
006086_1.jpg,1
027167_1.jpg,1
001361_0.jpg,0
022238_0.jpg,0
029491_0.jpg,0
000829_1.jpg,1
011070_1.jpg,1
030316_0.jpg,0
018764_0.jpg,0
010392_0.jpg,0
014339_1.jpg,1
021636_0.jpg,0
001028_0.jpg,0
002475_0.jpg,0
022372_1.jpg,1
001705_0.jpg,0
019458_1.jpg,1
003953_1.jpg,1
026753_0.jpg,0
002355_1.jpg,1
003195_1.jpg,1
025116_1.jpg,1
017937_0.jpg,0
011024_1.jpg,1
017913_0.jpg,0
006464_1.jpg,1
006013_0.jpg,0
029745_0.jpg,0
029110_0.jpg,0
029293_0.jpg,0
018645_0.jpg,0
030272_1.jpg,1
018209_0.jpg,0
016645_0.jpg,0
021287_0.jpg,0
003606_1.jpg,1
012205_0.jpg,0
008102_1.jpg,1
020577_1.jpg,1
022844_0.jpg,0
023003_1.jpg,1
028974_1.jpg,1
008505_0.jpg,0
018724_0.jpg,0
025194_1.jpg,1
000772_1.jpg,1
020601_1.jpg,1
026353_0.jpg,0
017883_1.jpg,1
000489_1.jpg,1
024418_1.jpg,1
006750_0.jpg,0
023470_1.jpg,1
000272_0.jpg,0
026454_1.jpg,1
013918_0.jpg,0
001132_1.jpg,1
026893_1.jpg,1
017860_0.jpg,0
012121_1.jpg,1
001844_0.jpg,0
005188_0.jpg,0
008073_1.jpg,1
006252_0.jpg,0
016693_1.jpg,1
008307_1.jpg,1
009846_1.jpg,1
016855_1.jpg,1
002019_1.jpg,1
015628_1.jpg,1
021293_1.jpg,1
001733_1.jpg,1
007753_0.jpg,0
024553_1.jpg,1
004702_0.jpg,1
010292_1.jpg,1
016885_1.jpg,1
004206_0.jpg,0
002146_1.jpg,1
026146_1.jpg,1
003774_1.jpg,1
023647_0.jpg,0
001442_0.jpg,0
012780_1.jpg,1
028446_0.jpg,0
016955_0.jpg,0
018511_1.jpg,1
004706_0.jpg,0
001797_0.jpg,0
021456_1.jpg,1
026331_1.jpg,1
012270_0.jpg,0
012411_0.jpg,0
018327_1.jpg,1
027558_0.jpg,0
022910_1.jpg,1
022134_1.jpg,1
001313_1.jpg,1
004137_0.jpg,1
016529_1.jpg,1
010794_0.jpg,0
021009_0.jpg,0
019740_0.jpg,0
005490_1.jpg,1
014454_0.jpg,0
026490_0.jpg,0
008816_1.jpg,1
006416_1.jpg,1
015402_0.jpg,0
007883_0.jpg,0
006476_0.jpg,0
015964_0.jpg,0
022317_1.jpg,1
022914_1.jpg,1
027138_0.jpg,0
019280_0.jpg,1
003998_0.jpg,0
025047_1.jpg,1
000835_1.jpg,1
016546_0.jpg,0
022027_0.jpg,0
013894_0.jpg,0
020873_1.jpg,1
018945_1.jpg,1
004982_0.jpg,0
021716_1.jpg,1
021868_1.jpg,1
000517_1.jpg,1
007694_0.jpg,0
007630_1.jpg,1
030176_0.jpg,0
028624_0.jpg,0
023889_0.jpg,0
009626_0.jpg,1
007696_1.jpg,1
014368_0.jpg,0
004667_1.jpg,1
012036_1.jpg,1
017975_1.jpg,1
022833_1.jpg,1
010296_0.jpg,0
025373_0.jpg,0
008571_1.jpg,1
015068_1.jpg,1
023676_0.jpg,0
024987_1.jpg,1
005055_0.jpg,0
030321_0.jpg,0
013931_1.jpg,1
029621_1.jpg,0
006722_0.jpg,0
020676_0.jpg,0
010797_0.jpg,0
002151_1.jpg,1
020297_1.jpg,1
004025_1.jpg,1
010799_0.jpg,0
001340_0.jpg,0
018036_0.jpg,0
010236_0.jpg,0
002461_1.jpg,1
016946_1.jpg,1
011011_1.jpg,1
021827_1.jpg,1
004296_1.jpg,1
011368_0.jpg,0
002160_0.jpg,0
028288_1.jpg,1
023558_0.jpg,0
029383_1.jpg,1
025916_1.jpg,1
023632_0.jpg,0
006475_0.jpg,0
017396_0.jpg,0
007009_0.jpg,0
006612_1.jpg,1
015903_1.jpg,1
007619_0.jpg,0
023549_1.jpg,1
015078_1.jpg,1
016787_0.jpg,0
030266_1.jpg,1
021489_0.jpg,0
025296_1.jpg,1
029101_1.jpg,1
007910_1.jpg,1
019104_1.jpg,1
004369_0.jpg,0
006131_0.jpg,0
023881_1.jpg,1
007240_0.jpg,0
013304_1.jpg,1
020441_0.jpg,0
018998_0.jpg,0
009406_0.jpg,0
000621_1.jpg,1
010944_1.jpg,1
015039_1.jpg,1
019288_1.jpg,1
029423_0.jpg,0
020152_1.jpg,1
021621_0.jpg,0
005762_0.jpg,0
003787_1.jpg,1
001016_0.jpg,0
020403_0.jpg,0
009676_1.jpg,1
009405_1.jpg,1
017221_0.jpg,0
002348_0.jpg,0
017247_1.jpg,1
024257_1.jpg,1
029394_0.jpg,0
022520_1.jpg,1
021096_0.jpg,0
000147_1.jpg,1
013997_0.jpg,0
000706_0.jpg,0
001093_1.jpg,1
008449_1.jpg,1
020192_1.jpg,1
030029_0.jpg,0
018872_1.jpg,1
025140_0.jpg,0
028890_0.jpg,0
001628_1.jpg,1
015926_0.jpg,0
004853_0.jpg,0
003613_1.jpg,1
026830_1.jpg,1
006911_0.jpg,0
010274_0.jpg,0
001181_1.jpg,1
011892_1.jpg,1
024756_1.jpg,1
021940_0.jpg,0
026938_1.jpg,1
021104_1.jpg,1
014239_1.jpg,1
016698_0.jpg,0
030426_0.jpg,0
012627_1.jpg,1
028349_0.jpg,0
028399_0.jpg,0
008329_1.jpg,1
003210_1.jpg,1
022153_0.jpg,0
011538_0.jpg,0
006114_0.jpg,0
004949_0.jpg,0
020642_0.jpg,0
029711_0.jpg,0
012403_1.jpg,1
010488_0.jpg,0
000052_0.jpg,0
003893_0.jpg,0
004203_0.jpg,0
013904_1.jpg,1
024664_0.jpg,0
000956_1.jpg,0
029143_1.jpg,1
028321_1.jpg,1
008822_1.jpg,1
019766_1.jpg,1
023431_1.jpg,1
006530_1.jpg,1
028900_0.jpg,0
001874_0.jpg,0
002677_1.jpg,1
028670_0.jpg,0
028250_0.jpg,0
023734_0.jpg,0
026185_0.jpg,0
001900_1.jpg,1
027679_1.jpg,1
022121_1.jpg,1
002489_0.jpg,0
026115_0.jpg,0
028043_0.jpg,0
018337_1.jpg,1
013252_0.jpg,0
003945_1.jpg,1
016134_1.jpg,1
017793_1.jpg,1
020333_1.jpg,1
006867_1.jpg,1
014361_0.jpg,0
025600_0.jpg,0
025859_0.jpg,0
011949_0.jpg,0
020652_0.jpg,0
027699_1.jpg,1
016796_1.jpg,1
024917_1.jpg,1
011746_1.jpg,1
002214_1.jpg,1
029025_0.jpg,0
003685_1.jpg,1
019819_1.jpg,1
025331_0.jpg,0
024660_1.jpg,1
021149_0.jpg,0
008921_1.jpg,1
008472_0.jpg,0
019504_1.jpg,1
030144_0.jpg,0
010894_1.jpg,1
019232_0.jpg,0
013932_0.jpg,0
002921_1.jpg,1
017228_0.jpg,0
014327_1.jpg,1
018133_1.jpg,1
005591_0.jpg,0
027489_0.jpg,0
021907_0.jpg,0
020963_1.jpg,1
019208_1.jpg,1
026902_0.jpg,0
008228_0.jpg,0
029977_1.jpg,1
005138_1.jpg,1
012198_0.jpg,0
028220_0.jpg,0
002215_0.jpg,0
000125_1.jpg,1
011305_1.jpg,1
000198_1.jpg,1
005807_0.jpg,0
010327_0.jpg,0
024422_0.jpg,0
012500_1.jpg,1
014084_0.jpg,0
029579_0.jpg,0
019918_1.jpg,1
012021_1.jpg,1
010238_0.jpg,0
008620_1.jpg,1
029049_0.jpg,0
024968_0.jpg,0
023898_1.jpg,1
002405_1.jpg,1
000108_1.jpg,1
009049_1.jpg,1
024425_1.jpg,1
019064_1.jpg,1
013240_0.jpg,0
018623_0.jpg,0
012837_1.jpg,1
004995_1.jpg,1
020618_1.jpg,1
018815_1.jpg,1
018301_0.jpg,0
002879_1.jpg,1
022233_1.jpg,1
029520_1.jpg,1
017530_0.jpg,0
004517_0.jpg,0
000481_0.jpg,0
000030_0.jpg,0
022235_0.jpg,0
005502_0.jpg,0
010652_0.jpg,0
003395_1.jpg,1
019613_1.jpg,1
010769_0.jpg,0
015184_1.jpg,1
015359_0.jpg,0
021146_1.jpg,1
002060_1.jpg,1
025223_0.jpg,0
014344_0.jpg,0
019087_1.jpg,1
002476_0.jpg,0
024903_1.jpg,1
023844_0.jpg,0
005394_1.jpg,1
002708_0.jpg,1
016699_0.jpg,0
021969_1.jpg,1
013811_0.jpg,0
006554_0.jpg,0
026479_0.jpg,0
004568_0.jpg,0
014989_1.jpg,1
006237_0.jpg,0
005370_1.jpg,1
016681_0.jpg,0
016895_1.jpg,1
025642_0.jpg,0
019015_0.jpg,0
013230_0.jpg,0
014720_1.jpg,1
007830_1.jpg,1
012800_1.jpg,1
017810_0.jpg,0
025258_0.jpg,0
003430_0.jpg,0
026151_1.jpg,1
001664_1.jpg,1
014098_0.jpg,0
014093_1.jpg,1
020815_0.jpg,0
008899_1.jpg,1
013052_0.jpg,0
018842_0.jpg,0
018501_0.jpg,0
030333_0.jpg,0
006457_1.jpg,1
008172_0.jpg,0
025200_1.jpg,1
012601_1.jpg,1
003339_0.jpg,0
008255_0.jpg,0
007623_1.jpg,1
011176_0.jpg,0
003967_1.jpg,1
005376_0.jpg,0
029445_1.jpg,1
003728_0.jpg,0
028165_1.jpg,1
004129_1.jpg,1
020982_0.jpg,0
017722_1.jpg,1
004042_1.jpg,0
028155_0.jpg,0
014791_1.jpg,0
019638_1.jpg,1
029962_1.jpg,1
018977_0.jpg,0
029435_1.jpg,1
003840_1.jpg,1
000058_1.jpg,1
020118_1.jpg,1
002611_0.jpg,0
030306_1.jpg,1
007559_0.jpg,0
014119_0.jpg,0
022975_0.jpg,1
003971_0.jpg,0
021915_1.jpg,1
025208_0.jpg,0
027111_1.jpg,1
027817_0.jpg,0
008159_0.jpg,0
009703_1.jpg,1
026288_0.jpg,0
005999_0.jpg,0
012603_1.jpg,1
026346_0.jpg,0
006450_0.jpg,0
016487_0.jpg,0
013327_0.jpg,0
005430_1.jpg,1
000387_1.jpg,1
008507_0.jpg,0
015031_1.jpg,1
018804_0.jpg,0
004347_1.jpg,1
020172_0.jpg,0
011914_0.jpg,0
029225_1.jpg,1
013008_0.jpg,0
015260_1.jpg,1
007847_1.jpg,1
019066_1.jpg,1
015259_0.jpg,0
022082_1.jpg,1
019584_0.jpg,0
006577_0.jpg,0
013481_0.jpg,0
022675_0.jpg,0
010759_1.jpg,1
022447_0.jpg,0
014221_1.jpg,1
009244_0.jpg,0
024742_1.jpg,1
024506_1.jpg,1
022637_1.jpg,1
001734_1.jpg,1
024665_1.jpg,1
026083_1.jpg,1
029627_0.jpg,0
022497_0.jpg,0
001143_1.jpg,1
019218_0.jpg,0
009235_0.jpg,0
026576_1.jpg,1
006511_0.jpg,0
005686_1.jpg,1
023749_1.jpg,1
029951_0.jpg,0
012826_1.jpg,1
001918_0.jpg,0
005881_0.jpg,0
003253_1.jpg,1
000264_1.jpg,0
026914_0.jpg,0
020988_0.jpg,0
014569_0.jpg,0
007874_0.jpg,0
017125_0.jpg,0
024678_0.jpg,0
008978_1.jpg,1
001216_1.jpg,1
024933_0.jpg,0
022451_0.jpg,0
019815_0.jpg,0
013282_1.jpg,1
023223_1.jpg,1
016646_1.jpg,1
009426_1.jpg,1
006404_0.jpg,0
000435_0.jpg,0
018325_1.jpg,1
025357_0.jpg,0
027404_0.jpg,1
000492_1.jpg,1
024390_1.jpg,1
014608_0.jpg,0
001644_1.jpg,1
001448_0.jpg,0
007108_0.jpg,0
013621_1.jpg,1
029810_0.jpg,0
012194_1.jpg,1
024181_1.jpg,1
011786_1.jpg,1
022128_0.jpg,1
022424_0.jpg,0
025939_0.jpg,0
010743_0.jpg,0
026964_0.jpg,0
012085_0.jpg,0
025159_1.jpg,1
015696_1.jpg,0
003360_1.jpg,1
005290_0.jpg,0
028767_1.jpg,1
015012_1.jpg,1
010575_1.jpg,1
004153_1.jpg,1
026158_1.jpg,1
006492_0.jpg,0
005786_0.jpg,0
005705_1.jpg,1
018284_0.jpg,0
009090_1.jpg,1
010025_1.jpg,1
018010_1.jpg,1
021613_0.jpg,0
008345_0.jpg,0
028583_0.jpg,0
005577_0.jpg,0
003446_1.jpg,1
013917_1.jpg,1
016668_1.jpg,1
015782_1.jpg,1
002438_1.jpg,1
021879_0.jpg,0
027392_1.jpg,1
012886_0.jpg,0
027282_0.jpg,0
026540_0.jpg,0
012513_1.jpg,1
021351_1.jpg,1
018163_0.jpg,0
007987_1.jpg,1
002963_0.jpg,0
019018_1.jpg,1
023525_1.jpg,1
005848_1.jpg,1
022500_1.jpg,1
026215_1.jpg,1
018043_0.jpg,0
013966_1.jpg,1
006214_1.jpg,1
030066_1.jpg,1
017360_1.jpg,1
026422_0.jpg,0
027173_1.jpg,1
008887_0.jpg,0
026625_1.jpg,1
019787_0.jpg,0
013138_1.jpg,1
019797_1.jpg,1
020279_1.jpg,1
026609_1.jpg,1
010946_1.jpg,1
018779_1.jpg,1
000494_1.jpg,1
028804_1.jpg,1
014801_0.jpg,0
025648_1.jpg,1
025760_0.jpg,0
015225_1.jpg,1
004219_1.jpg,1
028276_1.jpg,1
027541_0.jpg,0
017622_1.jpg,1
008532_0.jpg,0
028807_1.jpg,1
000096_0.jpg,0
010201_0.jpg,0
021572_0.jpg,0
010386_0.jpg,0
007462_1.jpg,1
018512_0.jpg,0
005810_1.jpg,1
011489_0.jpg,0
029094_1.jpg,1
013475_1.jpg,1
016805_0.jpg,0
017083_1.jpg,1
005060_0.jpg,0
029265_1.jpg,1
017598_0.jpg,0
002061_0.jpg,0
019778_0.jpg,1
007052_1.jpg,1
005971_0.jpg,0
013224_1.jpg,1
002114_1.jpg,1
020188_0.jpg,0
016704_0.jpg,0
027484_0.jpg,0
016611_0.jpg,0
013266_1.jpg,1
030080_1.jpg,1
012915_0.jpg,0
022306_0.jpg,0
003305_1.jpg,1
022442_0.jpg,0
029148_0.jpg,0
006142_1.jpg,1
029349_1.jpg,1
007504_1.jpg,1
014725_0.jpg,0
018351_0.jpg,0
029586_0.jpg,0
021632_0.jpg,0
018528_1.jpg,1
015142_0.jpg,0
022284_1.jpg,1
024808_1.jpg,1
007508_1.jpg,1
000252_1.jpg,1
026181_1.jpg,1
020028_1.jpg,1
028316_0.jpg,0
020114_0.jpg,0
002553_1.jpg,1
008728_1.jpg,1
027590_0.jpg,0
002421_0.jpg,0
027365_1.jpg,1
018058_1.jpg,1
014442_0.jpg,0
024810_1.jpg,1
025547_0.jpg,0
027405_1.jpg,1
015489_0.jpg,0
006062_1.jpg,1
029238_0.jpg,0
017374_1.jpg,1
006600_1.jpg,1
013524_1.jpg,1
002605_1.jpg,1
026956_0.jpg,0
025662_1.jpg,1
024937_1.jpg,1
018246_1.jpg,1
014200_1.jpg,1
021135_1.jpg,1
001594_1.jpg,1
007004_1.jpg,1
019744_1.jpg,1
029700_0.jpg,1
026538_0.jpg,0
027125_0.jpg,0
025188_1.jpg,1
025441_0.jpg,0
024672_1.jpg,1
022770_0.jpg,0
020761_1.jpg,1
021400_1.jpg,1
012094_1.jpg,1
000514_0.jpg,0
012754_0.jpg,0
016014_0.jpg,0
015377_0.jpg,1
006050_1.jpg,1
000737_1.jpg,1
022422_1.jpg,1
003358_1.jpg,1
025670_0.jpg,0
025030_1.jpg,1
026152_0.jpg,0
005181_0.jpg,0
009847_1.jpg,1
004382_1.jpg,1
020640_1.jpg,1
011660_1.jpg,1
019209_0.jpg,0
006716_0.jpg,0
018389_1.jpg,1
013488_1.jpg,1
024504_0.jpg,0
024300_0.jpg,0
002338_1.jpg,1
010462_1.jpg,1
025151_1.jpg,1
017525_1.jpg,0
020120_1.jpg,1
004552_1.jpg,1
022289_0.jpg,0
023842_0.jpg,0
025678_0.jpg,0
022797_1.jpg,1
020321_1.jpg,1
023790_0.jpg,0
017268_1.jpg,1
012673_1.jpg,1
028555_0.jpg,1
016376_0.jpg,0
024270_0.jpg,0
028883_1.jpg,1
017619_1.jpg,1
006751_0.jpg,0
009921_1.jpg,1
013121_0.jpg,0
004832_1.jpg,1
028578_1.jpg,1
022521_1.jpg,1
011057_1.jpg,1
005375_0.jpg,0
004237_1.jpg,1
027442_0.jpg,0
021123_1.jpg,1
007231_0.jpg,0
025264_0.jpg,0
001274_1.jpg,1
016131_0.jpg,0
029640_0.jpg,0
001486_1.jpg,1
001047_0.jpg,0
023628_0.jpg,0
029600_0.jpg,0
018407_0.jpg,0
016617_1.jpg,1
013044_1.jpg,1
006283_1.jpg,1
001468_1.jpg,1
015717_1.jpg,1
010064_0.jpg,0
006275_1.jpg,1
001463_0.jpg,0
021509_1.jpg,1
003472_0.jpg,0
022668_1.jpg,1
029334_1.jpg,1
028040_1.jpg,1
000937_1.jpg,1
010310_1.jpg,1
025364_0.jpg,0
028524_0.jpg,0
027771_0.jpg,0
020805_0.jpg,0
022126_1.jpg,1
002074_0.jpg,0
007169_1.jpg,1
005900_0.jpg,0
003711_0.jpg,0
015472_0.jpg,0
000946_0.jpg,0
024276_1.jpg,1
004107_1.jpg,1
026761_1.jpg,1
019776_0.jpg,0
023308_1.jpg,1
027623_0.jpg,0
024286_0.jpg,0
021244_1.jpg,1
026033_0.jpg,0
025617_0.jpg,0
001824_1.jpg,1
018004_1.jpg,1
021737_1.jpg,1
025659_1.jpg,1
003127_1.jpg,1
025461_1.jpg,1
022363_0.jpg,0
011030_0.jpg,0
010084_1.jpg,1
012880_0.jpg,0
023811_0.jpg,0
002162_0.jpg,0
013256_1.jpg,1
010291_0.jpg,0
000672_0.jpg,0
019451_1.jpg,1
012684_1.jpg,1
011953_1.jpg,1
017895_0.jpg,0
001675_0.jpg,0
027224_1.jpg,1
013380_0.jpg,0
007102_1.jpg,1
005481_0.jpg,0
021746_1.jpg,1
009454_1.jpg,1
026692_0.jpg,0
008132_1.jpg,1
014559_1.jpg,0
029332_1.jpg,1
027710_1.jpg,1
030046_1.jpg,1
024459_1.jpg,1
015091_0.jpg,0
010608_1.jpg,1
012444_1.jpg,1
003384_1.jpg,1
019295_1.jpg,1
001831_1.jpg,1
012232_1.jpg,1
016157_1.jpg,1
026384_1.jpg,1
015770_1.jpg,1
002851_1.jpg,1
023550_0.jpg,0
010281_0.jpg,0
025497_0.jpg,0
015046_0.jpg,0
008133_0.jpg,0
016262_0.jpg,0
006681_0.jpg,0
025934_1.jpg,1
007042_0.jpg,0
001099_1.jpg,1
001228_1.jpg,1
017563_1.jpg,1
005140_1.jpg,1
012418_1.jpg,1
005133_1.jpg,1
011542_1.jpg,1
001663_0.jpg,0
026978_1.jpg,1
012932_0.jpg,0
029528_1.jpg,1
023293_1.jpg,1
024798_1.jpg,1
019077_0.jpg,0
016140_1.jpg,1
004503_0.jpg,0
018307_1.jpg,1
022673_1.jpg,1
007962_1.jpg,1
008179_0.jpg,0
002501_0.jpg,1
029038_1.jpg,1
005111_0.jpg,0
000417_0.jpg,0
015176_1.jpg,1
006480_1.jpg,1
004690_1.jpg,1
021333_0.jpg,0
011073_1.jpg,1
014907_0.jpg,0
001176_0.jpg,0
021663_1.jpg,1
019633_0.jpg,0
003292_0.jpg,0
027927_1.jpg,1
010401_0.jpg,0
022893_0.jpg,0
006374_0.jpg,0
017008_1.jpg,1
010926_0.jpg,0
010545_1.jpg,1
016222_1.jpg,1
009436_1.jpg,1
028573_0.jpg,0
016160_1.jpg,1
014950_0.jpg,0
023824_1.jpg,1
005514_0.jpg,0
021657_1.jpg,1
002248_0.jpg,0
026355_1.jpg,1
008212_1.jpg,1
006740_0.jpg,0
020543_1.jpg,1
012958_0.jpg,0
004556_0.jpg,0
013805_1.jpg,1
015428_0.jpg,0
013307_1.jpg,1
025291_1.jpg,1
002892_1.jpg,1
007250_1.jpg,1
029484_1.jpg,1
030058_1.jpg,1
013042_0.jpg,0
017066_1.jpg,1
014495_1.jpg,1
030162_1.jpg,1
024467_0.jpg,0
007216_0.jpg,0
005052_1.jpg,1
004940_1.jpg,1
021240_1.jpg,1
010415_0.jpg,0
026751_0.jpg,0
011466_0.jpg,0
006057_1.jpg,1
